stimulus_id,base_id,onset,medial,nucleus,coda,ipa,pinyin,pinyin_number,ascii,tone,is_attested,is_rare,rarity,source_row,original_line_number
ri1,ri,ʐ,,ɻ̩,,ʐɻ̩,rī,ri1,ri,1,unknown,True,rare,0,2
ri2,ri,ʐ,,ɻ̩,,ʐɻ̩,rí,ri2,ri,2,unknown,True,rare,0,2
ri3,ri,ʐ,,ɻ̩,,ʐɻ̩,rǐ,ri3,ri,3,unknown,True,rare,0,2
ri4,ri,ʐ,,ɻ̩,,ʐɻ̩,rì,ri4,ri,4,unknown,True,rare,0,2
ri5,ri,ʐ,,ɻ̩,,ʐɻ̩,ri,ri5,ri,5,unknown,True,rare,0,2
yi1,yi,,,i,,i,yī,yi1,yi,1,unknown,False,common,1,3
yi2,yi,,,i,,i,yí,yi2,yi,2,unknown,False,common,1,3
yi3,yi,,,i,,i,yǐ,yi3,yi,3,unknown,False,common,1,3
yi4,yi,,,i,,i,yì,yi4,yi,4,unknown,False,common,1,3
yi5,yi,,,i,,i,yi,yi5,yi,5,unknown,False,common,1,3
yin1,yin,,,i,n,in,yīn,yin1,yin,1,unknown,False,common,2,4
yin2,yin,,,i,n,in,yín,yin2,yin,2,unknown,False,common,2,4
yin3,yin,,,i,n,in,yǐn,yin3,yin,3,unknown,False,common,2,4
yin4,yin,,,i,n,in,yìn,yin4,yin,4,unknown,False,common,2,4
yin5,yin,,,i,n,in,yin,yin5,yin,5,unknown,False,common,2,4
ying1,ying,,,i,ŋ,iŋ,yīng,ying1,ying,1,unknown,False,common,3,5
ying2,ying,,,i,ŋ,iŋ,yíng,ying2,ying,2,unknown,False,common,3,5
ying3,ying,,,i,ŋ,iŋ,yǐng,ying3,ying,3,unknown,False,common,3,5
ying4,ying,,,i,ŋ,iŋ,yìng,ying4,ying,4,unknown,False,common,3,5
ying5,ying,,,i,ŋ,iŋ,ying,ying5,ying,5,unknown,False,common,3,5
wu1,wu,,,u,,u,wū,wu1,wu,1,unknown,False,common,4,6
wu2,wu,,,u,,u,wú,wu2,wu,2,unknown,False,common,4,6
wu3,wu,,,u,,u,wǔ,wu3,wu,3,unknown,False,common,4,6
wu4,wu,,,u,,u,wù,wu4,wu,4,unknown,False,common,4,6
wu5,wu,,,u,,u,wu,wu5,wu,5,unknown,False,common,4,6
yv1,yv,,,y,,y,yū,yu1,yv,1,unknown,False,common,5,8
yv2,yv,,,y,,y,yú,yu2,yv,2,unknown,False,common,5,8
yv3,yv,,,y,,y,yǔ,yu3,yv,3,unknown,False,common,5,8
yv4,yv,,,y,,y,yù,yu4,yv,4,unknown,False,common,5,8
yv5,yv,,,y,,y,yu,yu5,yv,5,unknown,False,common,5,8
yvn1,yvn,,,y,n,yn,yūn,yun1,yvn,1,unknown,False,common,6,9
yvn2,yvn,,,y,n,yn,yún,yun2,yvn,2,unknown,False,common,6,9
yvn3,yvn,,,y,n,yn,yǔn,yun3,yvn,3,unknown,False,common,6,9
yvn4,yvn,,,y,n,yn,yùn,yun4,yvn,4,unknown,False,common,6,9
yvn5,yvn,,,y,n,yn,yun,yun5,yvn,5,unknown,False,common,6,9
e1,e,,,ə,,ɤ,ē,e1,e,1,unknown,False,common,7,10
e2,e,,,ə,,ɤ,é,e2,e,2,unknown,False,common,7,10
e3,e,,,ə,,ɤ,ě,e3,e,3,unknown,False,common,7,10
e4,e,,,ə,,ɤ,è,e4,e,4,unknown,False,common,7,10
e5,e,,,ə,,ɤ,e,e5,e,5,unknown,False,common,7,10
ei1,ei,,,ə,i,ei,ēi,ei1,ei,1,unknown,False,common,8,11
ei2,ei,,,ə,i,ei,éi,ei2,ei,2,unknown,False,common,8,11
ei3,ei,,,ə,i,ei,ěi,ei3,ei,3,unknown,False,common,8,11
ei4,ei,,,ə,i,ei,èi,ei4,ei,4,unknown,False,common,8,11
ei5,ei,,,ə,i,ei,ei,ei5,ei,5,unknown,False,common,8,11
ou1,ou,,,ə,u,ou,ōu,ou1,ou,1,unknown,False,common,9,12
ou2,ou,,,ə,u,ou,óu,ou2,ou,2,unknown,False,common,9,12
ou3,ou,,,ə,u,ou,ǒu,ou3,ou,3,unknown,False,common,9,12
ou4,ou,,,ə,u,ou,òu,ou4,ou,4,unknown,False,common,9,12
ou5,ou,,,ə,u,ou,ou,ou5,ou,5,unknown,False,common,9,12
en1,en,,,ə,n,ən,ēn,en1,en,1,unknown,True,rare,10,13
en2,en,,,ə,n,ən,én,en2,en,2,unknown,True,rare,10,13
en3,en,,,ə,n,ən,ěn,en3,en,3,unknown,True,rare,10,13
en4,en,,,ə,n,ən,èn,en4,en,4,unknown,True,rare,10,13
en5,en,,,ə,n,ən,en,en5,en,5,unknown,True,rare,10,13
eng1,eng,,,ə,ŋ,əŋ,ēng,eng1,eng,1,unknown,False,common,11,14
eng2,eng,,,ə,ŋ,əŋ,éng,eng2,eng,2,unknown,False,common,11,14
eng3,eng,,,ə,ŋ,əŋ,ěng,eng3,eng,3,unknown,False,common,11,14
eng4,eng,,,ə,ŋ,əŋ,èng,eng4,eng,4,unknown,False,common,11,14
eng5,eng,,,ə,ŋ,əŋ,eng,eng5,eng,5,unknown,False,common,11,14
a1,a,,,a,,a,ā,a1,a,1,unknown,True,rare,12,15
a2,a,,,a,,a,á,a2,a,2,unknown,True,rare,12,15
a3,a,,,a,,a,ǎ,a3,a,3,unknown,True,rare,12,15
a4,a,,,a,,a,à,a4,a,4,unknown,True,rare,12,15
a5,a,,,a,,a,a,a5,a,5,unknown,True,rare,12,15
ai1,ai,,,a,i,ai,āi,ai1,ai,1,unknown,False,common,13,16
ai2,ai,,,a,i,ai,ái,ai2,ai,2,unknown,False,common,13,16
ai3,ai,,,a,i,ai,ǎi,ai3,ai,3,unknown,False,common,13,16
ai4,ai,,,a,i,ai,ài,ai4,ai,4,unknown,False,common,13,16
ai5,ai,,,a,i,ai,ai,ai5,ai,5,unknown,False,common,13,16
ao1,ao,,,a,u,au,āo,ao1,ao,1,unknown,False,common,14,17
ao2,ao,,,a,u,au,áo,ao2,ao,2,unknown,False,common,14,17
ao3,ao,,,a,u,au,ǎo,ao3,ao,3,unknown,False,common,14,17
ao4,ao,,,a,u,au,ào,ao4,ao,4,unknown,False,common,14,17
ao5,ao,,,a,u,au,ao,ao5,ao,5,unknown,False,common,14,17
an1,an,,,a,n,an,ān,an1,an,1,unknown,False,common,15,18
an2,an,,,a,n,an,án,an2,an,2,unknown,False,common,15,18
an3,an,,,a,n,an,ǎn,an3,an,3,unknown,False,common,15,18
an4,an,,,a,n,an,àn,an4,an,4,unknown,False,common,15,18
an5,an,,,a,n,an,an,an5,an,5,unknown,False,common,15,18
ang1,ang,,,a,ŋ,aŋ,āng,ang1,ang,1,unknown,True,rare,16,19
ang2,ang,,,a,ŋ,aŋ,áng,ang2,ang,2,unknown,True,rare,16,19
ang3,ang,,,a,ŋ,aŋ,ǎng,ang3,ang,3,unknown,True,rare,16,19
ang4,ang,,,a,ŋ,aŋ,àng,ang4,ang,4,unknown,True,rare,16,19
ang5,ang,,,a,ŋ,aŋ,ang,ang5,ang,5,unknown,True,rare,16,19
yong1,yong,,j,u,ŋ,juŋ,yōng,yong1,yong,1,unknown,False,common,17,20
yong2,yong,,j,u,ŋ,juŋ,yóng,yong2,yong,2,unknown,False,common,17,20
yong3,yong,,j,u,ŋ,juŋ,yǒng,yong3,yong,3,unknown,False,common,17,20
yong4,yong,,j,u,ŋ,juŋ,yòng,yong4,yong,4,unknown,False,common,17,20
yong5,yong,,j,u,ŋ,juŋ,yong,yong5,yong,5,unknown,False,common,17,20
ye1,ye,,j,ə,,jɛ,yē,ye1,ye,1,unknown,False,common,18,21
ye2,ye,,j,ə,,jɛ,yé,ye2,ye,2,unknown,False,common,18,21
ye3,ye,,j,ə,,jɛ,yě,ye3,ye,3,unknown,False,common,18,21
ye4,ye,,j,ə,,jɛ,yè,ye4,ye,4,unknown,False,common,18,21
ye5,ye,,j,ə,,jɛ,ye,ye5,ye,5,unknown,False,common,18,21
yo1,yo,,j,o,,jo,yō,yo1,yo,1,unknown,True,rare,19,22
yo2,yo,,j,o,,jo,yó,yo2,yo,2,unknown,True,rare,19,22
yo3,yo,,j,o,,jo,yǒ,yo3,yo,3,unknown,True,rare,19,22
yo4,yo,,j,o,,jo,yò,yo4,yo,4,unknown,True,rare,19,22
yo5,yo,,j,o,,jo,yo,yo5,yo,5,unknown,True,rare,19,22
you1,you,,j,ə,u,jou,yōu,you1,you,1,unknown,False,common,20,23
you2,you,,j,ə,u,jou,yóu,you2,you,2,unknown,False,common,20,23
you3,you,,j,ə,u,jou,yǒu,you3,you,3,unknown,False,common,20,23
you4,you,,j,ə,u,jou,yòu,you4,you,4,unknown,False,common,20,23
you5,you,,j,ə,u,jou,you,you5,you,5,unknown,False,common,20,23
ya1,ya,,j,a,,ja,yā,ya1,ya,1,unknown,False,common,21,24
ya2,ya,,j,a,,ja,yá,ya2,ya,2,unknown,False,common,21,24
ya3,ya,,j,a,,ja,yǎ,ya3,ya,3,unknown,False,common,21,24
ya4,ya,,j,a,,ja,yà,ya4,ya,4,unknown,False,common,21,24
ya5,ya,,j,a,,ja,ya,ya5,ya,5,unknown,False,common,21,24
yao1,yao,,j,a,u,jau,yāo,yao1,yao,1,unknown,False,common,22,25
yao2,yao,,j,a,u,jau,yáo,yao2,yao,2,unknown,False,common,22,25
yao3,yao,,j,a,u,jau,yǎo,yao3,yao,3,unknown,False,common,22,25
yao4,yao,,j,a,u,jau,yào,yao4,yao,4,unknown,False,common,22,25
yao5,yao,,j,a,u,jau,yao,yao5,yao,5,unknown,False,common,22,25
yan1,yan,,j,a,n,jɛn,yān,yan1,yan,1,unknown,False,common,23,26
yan2,yan,,j,a,n,jɛn,yán,yan2,yan,2,unknown,False,common,23,26
yan3,yan,,j,a,n,jɛn,yǎn,yan3,yan,3,unknown,False,common,23,26
yan4,yan,,j,a,n,jɛn,yàn,yan4,yan,4,unknown,False,common,23,26
yan5,yan,,j,a,n,jɛn,yan,yan5,yan,5,unknown,False,common,23,26
yang1,yang,,j,a,ŋ,jaŋ,yāng,yang1,yang,1,unknown,False,common,24,27
yang2,yang,,j,a,ŋ,jaŋ,yáng,yang2,yang,2,unknown,False,common,24,27
yang3,yang,,j,a,ŋ,jaŋ,yǎng,yang3,yang,3,unknown,False,common,24,27
yang4,yang,,j,a,ŋ,jaŋ,yàng,yang4,yang,4,unknown,False,common,24,27
yang5,yang,,j,a,ŋ,jaŋ,yang,yang5,yang,5,unknown,False,common,24,27
wo1,wo,,w,ə,,uo,wō,wo1,wo,1,unknown,False,common,25,28
wo2,wo,,w,ə,,uo,wó,wo2,wo,2,unknown,False,common,25,28
wo3,wo,,w,ə,,uo,wǒ,wo3,wo,3,unknown,False,common,25,28
wo4,wo,,w,ə,,uo,wò,wo4,wo,4,unknown,False,common,25,28
wo5,wo,,w,ə,,uo,wo,wo5,wo,5,unknown,False,common,25,28
wei1,wei,,w,ə,i,uei,wēi,wei1,wei,1,unknown,False,common,26,29
wei2,wei,,w,ə,i,uei,wéi,wei2,wei,2,unknown,False,common,26,29
wei3,wei,,w,ə,i,uei,wěi,wei3,wei,3,unknown,False,common,26,29
wei4,wei,,w,ə,i,uei,wèi,wei4,wei,4,unknown,False,common,26,29
wei5,wei,,w,ə,i,uei,wei,wei5,wei,5,unknown,False,common,26,29
wen1,wen,,w,ə,n,uən,wēn,wen1,wen,1,unknown,False,common,27,30
wen2,wen,,w,ə,n,uən,wén,wen2,wen,2,unknown,False,common,27,30
wen3,wen,,w,ə,n,uən,wěn,wen3,wen,3,unknown,False,common,27,30
wen4,wen,,w,ə,n,uən,wèn,wen4,wen,4,unknown,False,common,27,30
wen5,wen,,w,ə,n,uən,wen,wen5,wen,5,unknown,False,common,27,30
weng1,weng,,w,ə,ŋ,uəŋ,wēng,weng1,weng,1,unknown,True,rare,28,31
weng2,weng,,w,ə,ŋ,uəŋ,wéng,weng2,weng,2,unknown,True,rare,28,31
weng3,weng,,w,ə,ŋ,uəŋ,wěng,weng3,weng,3,unknown,True,rare,28,31
weng4,weng,,w,ə,ŋ,uəŋ,wèng,weng4,weng,4,unknown,True,rare,28,31
weng5,weng,,w,ə,ŋ,uəŋ,weng,weng5,weng,5,unknown,True,rare,28,31
wa1,wa,,w,a,,ua,wā,wa1,wa,1,unknown,False,common,29,32
wa2,wa,,w,a,,ua,wá,wa2,wa,2,unknown,False,common,29,32
wa3,wa,,w,a,,ua,wǎ,wa3,wa,3,unknown,False,common,29,32
wa4,wa,,w,a,,ua,wà,wa4,wa,4,unknown,False,common,29,32
wa5,wa,,w,a,,ua,wa,wa5,wa,5,unknown,False,common,29,32
wai1,wai,,w,a,i,uai,wāi,wai1,wai,1,unknown,True,rare,30,33
wai2,wai,,w,a,i,uai,wái,wai2,wai,2,unknown,True,rare,30,33
wai3,wai,,w,a,i,uai,wǎi,wai3,wai,3,unknown,True,rare,30,33
wai4,wai,,w,a,i,uai,wài,wai4,wai,4,unknown,True,rare,30,33
wai5,wai,,w,a,i,uai,wai,wai5,wai,5,unknown,True,rare,30,33
wan1,wan,,w,a,n,uan,wān,wan1,wan,1,unknown,False,common,31,34
wan2,wan,,w,a,n,uan,wán,wan2,wan,2,unknown,False,common,31,34
wan3,wan,,w,a,n,uan,wǎn,wan3,wan,3,unknown,False,common,31,34
wan4,wan,,w,a,n,uan,wàn,wan4,wan,4,unknown,False,common,31,34
wan5,wan,,w,a,n,uan,wan,wan5,wan,5,unknown,False,common,31,34
wang1,wang,,w,a,ŋ,uaŋ,wāng,wang1,wang,1,unknown,False,common,32,35
wang2,wang,,w,a,ŋ,uaŋ,wáng,wang2,wang,2,unknown,False,common,32,35
wang3,wang,,w,a,ŋ,uaŋ,wǎng,wang3,wang,3,unknown,False,common,32,35
wang4,wang,,w,a,ŋ,uaŋ,wàng,wang4,wang,4,unknown,False,common,32,35
wang5,wang,,w,a,ŋ,uaŋ,wang,wang5,wang,5,unknown,False,common,32,35
yve1,yve,,ɥ,ə,,yɛ,yuē,yue1,yve,1,unknown,False,common,33,36
yve2,yve,,ɥ,ə,,yɛ,yué,yue2,yve,2,unknown,False,common,33,36
yve3,yve,,ɥ,ə,,yɛ,yuě,yue3,yve,3,unknown,False,common,33,36
yve4,yve,,ɥ,ə,,yɛ,yuè,yue4,yve,4,unknown,False,common,33,36
yve5,yve,,ɥ,ə,,yɛ,yue,yue5,yve,5,unknown,False,common,33,36
yvan1,yvan,,ɥ,a,n,yɛn,yuān,yuan1,yvan,1,unknown,False,common,34,37
yvan2,yvan,,ɥ,a,n,yɛn,yuán,yuan2,yvan,2,unknown,False,common,34,37
yvan3,yvan,,ɥ,a,n,yɛn,yuǎn,yuan3,yvan,3,unknown,False,common,34,37
yvan4,yvan,,ɥ,a,n,yɛn,yuàn,yuan4,yvan,4,unknown,False,common,34,37
yvan5,yvan,,ɥ,a,n,yɛn,yuan,yuan5,yvan,5,unknown,False,common,34,37
bi1,bi,p,,i,,pi,bī,bi1,bi,1,unknown,False,common,35,39
bi2,bi,p,,i,,pi,bí,bi2,bi,2,unknown,False,common,35,39
bi3,bi,p,,i,,pi,bǐ,bi3,bi,3,unknown,False,common,35,39
bi4,bi,p,,i,,pi,bì,bi4,bi,4,unknown,False,common,35,39
bi5,bi,p,,i,,pi,bi,bi5,bi,5,unknown,False,common,35,39
bin1,bin,p,,i,n,pin,bīn,bin1,bin,1,unknown,False,common,36,40
bin2,bin,p,,i,n,pin,bín,bin2,bin,2,unknown,False,common,36,40
bin3,bin,p,,i,n,pin,bǐn,bin3,bin,3,unknown,False,common,36,40
bin4,bin,p,,i,n,pin,bìn,bin4,bin,4,unknown,False,common,36,40
bin5,bin,p,,i,n,pin,bin,bin5,bin,5,unknown,False,common,36,40
bing1,bing,p,,i,ŋ,piŋ,bīng,bing1,bing,1,unknown,False,common,37,41
bing2,bing,p,,i,ŋ,piŋ,bíng,bing2,bing,2,unknown,False,common,37,41
bing3,bing,p,,i,ŋ,piŋ,bǐng,bing3,bing,3,unknown,False,common,37,41
bing4,bing,p,,i,ŋ,piŋ,bìng,bing4,bing,4,unknown,False,common,37,41
bing5,bing,p,,i,ŋ,piŋ,bing,bing5,bing,5,unknown,False,common,37,41
bu1,bu,p,,u,,pu,bū,bu1,bu,1,unknown,False,common,38,42
bu2,bu,p,,u,,pu,bú,bu2,bu,2,unknown,False,common,38,42
bu3,bu,p,,u,,pu,bǔ,bu3,bu,3,unknown,False,common,38,42
bu4,bu,p,,u,,pu,bù,bu4,bu,4,unknown,False,common,38,42
bu5,bu,p,,u,,pu,bu,bu5,bu,5,unknown,False,common,38,42
bo1,bo,p,,ə,,puo,bō,bo1,bo,1,unknown,False,common,39,46
bo2,bo,p,,ə,,puo,bó,bo2,bo,2,unknown,False,common,39,46
bo3,bo,p,,ə,,puo,bǒ,bo3,bo,3,unknown,False,common,39,46
bo4,bo,p,,ə,,puo,bò,bo4,bo,4,unknown,False,common,39,46
bo5,bo,p,,ə,,puo,bo,bo5,bo,5,unknown,False,common,39,46
bei1,bei,p,,ə,i,pei,bēi,bei1,bei,1,unknown,False,common,40,47
bei2,bei,p,,ə,i,pei,béi,bei2,bei,2,unknown,False,common,40,47
bei3,bei,p,,ə,i,pei,běi,bei3,bei,3,unknown,False,common,40,47
bei4,bei,p,,ə,i,pei,bèi,bei4,bei,4,unknown,False,common,40,47
bei5,bei,p,,ə,i,pei,bei,bei5,bei,5,unknown,False,common,40,47
ben1,ben,p,,ə,n,pən,bēn,ben1,ben,1,unknown,False,common,41,49
ben2,ben,p,,ə,n,pən,bén,ben2,ben,2,unknown,False,common,41,49
ben3,ben,p,,ə,n,pən,běn,ben3,ben,3,unknown,False,common,41,49
ben4,ben,p,,ə,n,pən,bèn,ben4,ben,4,unknown,False,common,41,49
ben5,ben,p,,ə,n,pən,ben,ben5,ben,5,unknown,False,common,41,49
beng1,beng,p,,ə,ŋ,pəŋ,bēng,beng1,beng,1,unknown,False,common,42,50
beng2,beng,p,,ə,ŋ,pəŋ,béng,beng2,beng,2,unknown,False,common,42,50
beng3,beng,p,,ə,ŋ,pəŋ,běng,beng3,beng,3,unknown,False,common,42,50
beng4,beng,p,,ə,ŋ,pəŋ,bèng,beng4,beng,4,unknown,False,common,42,50
beng5,beng,p,,ə,ŋ,pəŋ,beng,beng5,beng,5,unknown,False,common,42,50
ba1,ba,p,,a,,pa,bā,ba1,ba,1,unknown,False,common,43,51
ba2,ba,p,,a,,pa,bá,ba2,ba,2,unknown,False,common,43,51
ba3,ba,p,,a,,pa,bǎ,ba3,ba,3,unknown,False,common,43,51
ba4,ba,p,,a,,pa,bà,ba4,ba,4,unknown,False,common,43,51
ba5,ba,p,,a,,pa,ba,ba5,ba,5,unknown,False,common,43,51
bai1,bai,p,,a,i,pai,bāi,bai1,bai,1,unknown,False,common,44,52
bai2,bai,p,,a,i,pai,bái,bai2,bai,2,unknown,False,common,44,52
bai3,bai,p,,a,i,pai,bǎi,bai3,bai,3,unknown,False,common,44,52
bai4,bai,p,,a,i,pai,bài,bai4,bai,4,unknown,False,common,44,52
bai5,bai,p,,a,i,pai,bai,bai5,bai,5,unknown,False,common,44,52
bao1,bao,p,,a,u,pau,bāo,bao1,bao,1,unknown,False,common,45,53
bao2,bao,p,,a,u,pau,báo,bao2,bao,2,unknown,False,common,45,53
bao3,bao,p,,a,u,pau,bǎo,bao3,bao,3,unknown,False,common,45,53
bao4,bao,p,,a,u,pau,bào,bao4,bao,4,unknown,False,common,45,53
bao5,bao,p,,a,u,pau,bao,bao5,bao,5,unknown,False,common,45,53
ban1,ban,p,,a,n,pan,bān,ban1,ban,1,unknown,False,common,46,54
ban2,ban,p,,a,n,pan,bán,ban2,ban,2,unknown,False,common,46,54
ban3,ban,p,,a,n,pan,bǎn,ban3,ban,3,unknown,False,common,46,54
ban4,ban,p,,a,n,pan,bàn,ban4,ban,4,unknown,False,common,46,54
ban5,ban,p,,a,n,pan,ban,ban5,ban,5,unknown,False,common,46,54
bang1,bang,p,,a,ŋ,paŋ,bāng,bang1,bang,1,unknown,False,common,47,55
bang2,bang,p,,a,ŋ,paŋ,báng,bang2,bang,2,unknown,False,common,47,55
bang3,bang,p,,a,ŋ,paŋ,bǎng,bang3,bang,3,unknown,False,common,47,55
bang4,bang,p,,a,ŋ,paŋ,bàng,bang4,bang,4,unknown,False,common,47,55
bang5,bang,p,,a,ŋ,paŋ,bang,bang5,bang,5,unknown,False,common,47,55
bie1,bie,p,j,ə,,pjɛ,biē,bie1,bie,1,unknown,False,common,48,57
bie2,bie,p,j,ə,,pjɛ,bié,bie2,bie,2,unknown,False,common,48,57
bie3,bie,p,j,ə,,pjɛ,biě,bie3,bie,3,unknown,False,common,48,57
bie4,bie,p,j,ə,,pjɛ,biè,bie4,bie,4,unknown,False,common,48,57
bie5,bie,p,j,ə,,pjɛ,bie,bie5,bie,5,unknown,False,common,48,57
biao1,biao,p,j,a,u,pjau,biāo,biao1,biao,1,unknown,False,common,49,60
biao2,biao,p,j,a,u,pjau,biáo,biao2,biao,2,unknown,False,common,49,60
biao3,biao,p,j,a,u,pjau,biǎo,biao3,biao,3,unknown,False,common,49,60
biao4,biao,p,j,a,u,pjau,biào,biao4,biao,4,unknown,False,common,49,60
biao5,biao,p,j,a,u,pjau,biao,biao5,biao,5,unknown,False,common,49,60
bian1,bian,p,j,a,n,pjɛn,biān,bian1,bian,1,unknown,False,common,50,61
bian2,bian,p,j,a,n,pjɛn,bián,bian2,bian,2,unknown,False,common,50,61
bian3,bian,p,j,a,n,pjɛn,biǎn,bian3,bian,3,unknown,False,common,50,61
bian4,bian,p,j,a,n,pjɛn,biàn,bian4,bian,4,unknown,False,common,50,61
bian5,bian,p,j,a,n,pjɛn,bian,bian5,bian,5,unknown,False,common,50,61
biang1,biang,p,j,a,ŋ,pjaŋ,biāng,biang1,biang,1,unknown,False,common,51,62
biang2,biang,p,j,a,ŋ,pjaŋ,biáng,biang2,biang,2,unknown,False,common,51,62
biang3,biang,p,j,a,ŋ,pjaŋ,biǎng,biang3,biang,3,unknown,False,common,51,62
biang4,biang,p,j,a,ŋ,pjaŋ,biàng,biang4,biang,4,unknown,False,common,51,62
biang5,biang,p,j,a,ŋ,pjaŋ,biang,biang5,biang,5,unknown,False,common,51,62
pi1,pi,pʰ,,i,,pʰi,pī,pi1,pi,1,unknown,False,common,52,74
pi2,pi,pʰ,,i,,pʰi,pí,pi2,pi,2,unknown,False,common,52,74
pi3,pi,pʰ,,i,,pʰi,pǐ,pi3,pi,3,unknown,False,common,52,74
pi4,pi,pʰ,,i,,pʰi,pì,pi4,pi,4,unknown,False,common,52,74
pi5,pi,pʰ,,i,,pʰi,pi,pi5,pi,5,unknown,False,common,52,74
pin1,pin,pʰ,,i,n,pʰin,pīn,pin1,pin,1,unknown,False,common,53,75
pin2,pin,pʰ,,i,n,pʰin,pín,pin2,pin,2,unknown,False,common,53,75
pin3,pin,pʰ,,i,n,pʰin,pǐn,pin3,pin,3,unknown,False,common,53,75
pin4,pin,pʰ,,i,n,pʰin,pìn,pin4,pin,4,unknown,False,common,53,75
pin5,pin,pʰ,,i,n,pʰin,pin,pin5,pin,5,unknown,False,common,53,75
ping1,ping,pʰ,,i,ŋ,pʰiŋ,pīng,ping1,ping,1,unknown,False,common,54,76
ping2,ping,pʰ,,i,ŋ,pʰiŋ,píng,ping2,ping,2,unknown,False,common,54,76
ping3,ping,pʰ,,i,ŋ,pʰiŋ,pǐng,ping3,ping,3,unknown,False,common,54,76
ping4,ping,pʰ,,i,ŋ,pʰiŋ,pìng,ping4,ping,4,unknown,False,common,54,76
ping5,ping,pʰ,,i,ŋ,pʰiŋ,ping,ping5,ping,5,unknown,False,common,54,76
pu1,pu,pʰ,,u,,pʰu,pū,pu1,pu,1,unknown,False,common,55,77
pu2,pu,pʰ,,u,,pʰu,pú,pu2,pu,2,unknown,False,common,55,77
pu3,pu,pʰ,,u,,pʰu,pǔ,pu3,pu,3,unknown,False,common,55,77
pu4,pu,pʰ,,u,,pʰu,pù,pu4,pu,4,unknown,False,common,55,77
pu5,pu,pʰ,,u,,pʰu,pu,pu5,pu,5,unknown,False,common,55,77
po1,po,pʰ,,ə,,pʰuo,pō,po1,po,1,unknown,False,common,56,81
po2,po,pʰ,,ə,,pʰuo,pó,po2,po,2,unknown,False,common,56,81
po3,po,pʰ,,ə,,pʰuo,pǒ,po3,po,3,unknown,False,common,56,81
po4,po,pʰ,,ə,,pʰuo,pò,po4,po,4,unknown,False,common,56,81
po5,po,pʰ,,ə,,pʰuo,po,po5,po,5,unknown,False,common,56,81
pei1,pei,pʰ,,ə,i,pʰei,pēi,pei1,pei,1,unknown,False,common,57,82
pei2,pei,pʰ,,ə,i,pʰei,péi,pei2,pei,2,unknown,False,common,57,82
pei3,pei,pʰ,,ə,i,pʰei,pěi,pei3,pei,3,unknown,False,common,57,82
pei4,pei,pʰ,,ə,i,pʰei,pèi,pei4,pei,4,unknown,False,common,57,82
pei5,pei,pʰ,,ə,i,pʰei,pei,pei5,pei,5,unknown,False,common,57,82
pou1,pou,pʰ,,ə,u,pʰou,pōu,pou1,pou,1,unknown,True,rare,58,83
pou2,pou,pʰ,,ə,u,pʰou,póu,pou2,pou,2,unknown,True,rare,58,83
pou3,pou,pʰ,,ə,u,pʰou,pǒu,pou3,pou,3,unknown,True,rare,58,83
pou4,pou,pʰ,,ə,u,pʰou,pòu,pou4,pou,4,unknown,True,rare,58,83
pou5,pou,pʰ,,ə,u,pʰou,pou,pou5,pou,5,unknown,True,rare,58,83
pen1,pen,pʰ,,ə,n,pʰən,pēn,pen1,pen,1,unknown,True,rare,59,84
pen2,pen,pʰ,,ə,n,pʰən,pén,pen2,pen,2,unknown,True,rare,59,84
pen3,pen,pʰ,,ə,n,pʰən,pěn,pen3,pen,3,unknown,True,rare,59,84
pen4,pen,pʰ,,ə,n,pʰən,pèn,pen4,pen,4,unknown,True,rare,59,84
pen5,pen,pʰ,,ə,n,pʰən,pen,pen5,pen,5,unknown,True,rare,59,84
peng1,peng,pʰ,,ə,ŋ,pʰəŋ,pēng,peng1,peng,1,unknown,False,common,60,85
peng2,peng,pʰ,,ə,ŋ,pʰəŋ,péng,peng2,peng,2,unknown,False,common,60,85
peng3,peng,pʰ,,ə,ŋ,pʰəŋ,pěng,peng3,peng,3,unknown,False,common,60,85
peng4,peng,pʰ,,ə,ŋ,pʰəŋ,pèng,peng4,peng,4,unknown,False,common,60,85
peng5,peng,pʰ,,ə,ŋ,pʰəŋ,peng,peng5,peng,5,unknown,False,common,60,85
pa1,pa,pʰ,,a,,pʰa,pā,pa1,pa,1,unknown,False,common,61,86
pa2,pa,pʰ,,a,,pʰa,pá,pa2,pa,2,unknown,False,common,61,86
pa3,pa,pʰ,,a,,pʰa,pǎ,pa3,pa,3,unknown,False,common,61,86
pa4,pa,pʰ,,a,,pʰa,pà,pa4,pa,4,unknown,False,common,61,86
pa5,pa,pʰ,,a,,pʰa,pa,pa5,pa,5,unknown,False,common,61,86
pai1,pai,pʰ,,a,i,pʰai,pāi,pai1,pai,1,unknown,False,common,62,87
pai2,pai,pʰ,,a,i,pʰai,pái,pai2,pai,2,unknown,False,common,62,87
pai3,pai,pʰ,,a,i,pʰai,pǎi,pai3,pai,3,unknown,False,common,62,87
pai4,pai,pʰ,,a,i,pʰai,pài,pai4,pai,4,unknown,False,common,62,87
pai5,pai,pʰ,,a,i,pʰai,pai,pai5,pai,5,unknown,False,common,62,87
pao1,pao,pʰ,,a,u,pʰau,pāo,pao1,pao,1,unknown,False,common,63,88
pao2,pao,pʰ,,a,u,pʰau,páo,pao2,pao,2,unknown,False,common,63,88
pao3,pao,pʰ,,a,u,pʰau,pǎo,pao3,pao,3,unknown,False,common,63,88
pao4,pao,pʰ,,a,u,pʰau,pào,pao4,pao,4,unknown,False,common,63,88
pao5,pao,pʰ,,a,u,pʰau,pao,pao5,pao,5,unknown,False,common,63,88
pan1,pan,pʰ,,a,n,pʰan,pān,pan1,pan,1,unknown,False,common,64,89
pan2,pan,pʰ,,a,n,pʰan,pán,pan2,pan,2,unknown,False,common,64,89
pan3,pan,pʰ,,a,n,pʰan,pǎn,pan3,pan,3,unknown,False,common,64,89
pan4,pan,pʰ,,a,n,pʰan,pàn,pan4,pan,4,unknown,False,common,64,89
pan5,pan,pʰ,,a,n,pʰan,pan,pan5,pan,5,unknown,False,common,64,89
pang1,pang,pʰ,,a,ŋ,pʰaŋ,pāng,pang1,pang,1,unknown,False,common,65,90
pang2,pang,pʰ,,a,ŋ,pʰaŋ,páng,pang2,pang,2,unknown,False,common,65,90
pang3,pang,pʰ,,a,ŋ,pʰaŋ,pǎng,pang3,pang,3,unknown,False,common,65,90
pang4,pang,pʰ,,a,ŋ,pʰaŋ,pàng,pang4,pang,4,unknown,False,common,65,90
pang5,pang,pʰ,,a,ŋ,pʰaŋ,pang,pang5,pang,5,unknown,False,common,65,90
pie1,pie,pʰ,j,ə,,pʰjɛ,piē,pie1,pie,1,unknown,True,rare,66,92
pie2,pie,pʰ,j,ə,,pʰjɛ,pié,pie2,pie,2,unknown,True,rare,66,92
pie3,pie,pʰ,j,ə,,pʰjɛ,piě,pie3,pie,3,unknown,True,rare,66,92
pie4,pie,pʰ,j,ə,,pʰjɛ,piè,pie4,pie,4,unknown,True,rare,66,92
pie5,pie,pʰ,j,ə,,pʰjɛ,pie,pie5,pie,5,unknown,True,rare,66,92
piao1,piao,pʰ,j,a,u,pʰjau,piāo,piao1,piao,1,unknown,False,common,67,95
piao2,piao,pʰ,j,a,u,pʰjau,piáo,piao2,piao,2,unknown,False,common,67,95
piao3,piao,pʰ,j,a,u,pʰjau,piǎo,piao3,piao,3,unknown,False,common,67,95
piao4,piao,pʰ,j,a,u,pʰjau,piào,piao4,piao,4,unknown,False,common,67,95
piao5,piao,pʰ,j,a,u,pʰjau,piao,piao5,piao,5,unknown,False,common,67,95
pian1,pian,pʰ,j,a,n,pʰjɛn,piān,pian1,pian,1,unknown,False,common,68,96
pian2,pian,pʰ,j,a,n,pʰjɛn,pián,pian2,pian,2,unknown,False,common,68,96
pian3,pian,pʰ,j,a,n,pʰjɛn,piǎn,pian3,pian,3,unknown,False,common,68,96
pian4,pian,pʰ,j,a,n,pʰjɛn,piàn,pian4,pian,4,unknown,False,common,68,96
pian5,pian,pʰ,j,a,n,pʰjɛn,pian,pian5,pian,5,unknown,False,common,68,96
m1,m,m,,,,m,m,m1,m,1,unknown,True,rare,69,108
m2,m,m,,,,m,m,m2,m,2,unknown,True,rare,69,108
m3,m,m,,,,m,m,m3,m,3,unknown,True,rare,69,108
m4,m,m,,,,m,m,m4,m,4,unknown,True,rare,69,108
m5,m,m,,,,m,m,m5,m,5,unknown,True,rare,69,108
mi1,mi,m,,i,,mi,mī,mi1,mi,1,unknown,False,common,70,109
mi2,mi,m,,i,,mi,mí,mi2,mi,2,unknown,False,common,70,109
mi3,mi,m,,i,,mi,mǐ,mi3,mi,3,unknown,False,common,70,109
mi4,mi,m,,i,,mi,mì,mi4,mi,4,unknown,False,common,70,109
mi5,mi,m,,i,,mi,mi,mi5,mi,5,unknown,False,common,70,109
min1,min,m,,i,n,min,mīn,min1,min,1,unknown,False,common,71,110
min2,min,m,,i,n,min,mín,min2,min,2,unknown,False,common,71,110
min3,min,m,,i,n,min,mǐn,min3,min,3,unknown,False,common,71,110
min4,min,m,,i,n,min,mìn,min4,min,4,unknown,False,common,71,110
min5,min,m,,i,n,min,min,min5,min,5,unknown,False,common,71,110
ming1,ming,m,,i,ŋ,miŋ,mīng,ming1,ming,1,unknown,False,common,72,111
ming2,ming,m,,i,ŋ,miŋ,míng,ming2,ming,2,unknown,False,common,72,111
ming3,ming,m,,i,ŋ,miŋ,mǐng,ming3,ming,3,unknown,False,common,72,111
ming4,ming,m,,i,ŋ,miŋ,mìng,ming4,ming,4,unknown,False,common,72,111
ming5,ming,m,,i,ŋ,miŋ,ming,ming5,ming,5,unknown,False,common,72,111
mu1,mu,m,,u,,mu,mū,mu1,mu,1,unknown,False,common,73,112
mu2,mu,m,,u,,mu,mú,mu2,mu,2,unknown,False,common,73,112
mu3,mu,m,,u,,mu,mǔ,mu3,mu,3,unknown,False,common,73,112
mu4,mu,m,,u,,mu,mù,mu4,mu,4,unknown,False,common,73,112
mu5,mu,m,,u,,mu,mu,mu5,mu,5,unknown,False,common,73,112
mo1,mo,m,,ə,,muo,mō,mo1,mo,1,unknown,False,common,74,116
mo2,mo,m,,ə,,muo,mó,mo2,mo,2,unknown,False,common,74,116
mo3,mo,m,,ə,,muo,mǒ,mo3,mo,3,unknown,False,common,74,116
mo4,mo,m,,ə,,muo,mò,mo4,mo,4,unknown,False,common,74,116
mo5,mo,m,,ə,,muo,mo,mo5,mo,5,unknown,False,common,74,116
mei1,mei,m,,ə,i,mei,mēi,mei1,mei,1,unknown,False,common,75,117
mei2,mei,m,,ə,i,mei,méi,mei2,mei,2,unknown,False,common,75,117
mei3,mei,m,,ə,i,mei,měi,mei3,mei,3,unknown,False,common,75,117
mei4,mei,m,,ə,i,mei,mèi,mei4,mei,4,unknown,False,common,75,117
mei5,mei,m,,ə,i,mei,mei,mei5,mei,5,unknown,False,common,75,117
mou1,mou,m,,ə,u,mou,mōu,mou1,mou,1,unknown,True,rare,76,118
mou2,mou,m,,ə,u,mou,móu,mou2,mou,2,unknown,True,rare,76,118
mou3,mou,m,,ə,u,mou,mǒu,mou3,mou,3,unknown,True,rare,76,118
mou4,mou,m,,ə,u,mou,mòu,mou4,mou,4,unknown,True,rare,76,118
mou5,mou,m,,ə,u,mou,mou,mou5,mou,5,unknown,True,rare,76,118
men1,men,m,,ə,n,mən,mēn,men1,men,1,unknown,False,common,77,119
men2,men,m,,ə,n,mən,mén,men2,men,2,unknown,False,common,77,119
men3,men,m,,ə,n,mən,měn,men3,men,3,unknown,False,common,77,119
men4,men,m,,ə,n,mən,mèn,men4,men,4,unknown,False,common,77,119
men5,men,m,,ə,n,mən,men,men5,men,5,unknown,False,common,77,119
meng1,meng,m,,ə,ŋ,məŋ,mēng,meng1,meng,1,unknown,False,common,78,120
meng2,meng,m,,ə,ŋ,məŋ,méng,meng2,meng,2,unknown,False,common,78,120
meng3,meng,m,,ə,ŋ,məŋ,měng,meng3,meng,3,unknown,False,common,78,120
meng4,meng,m,,ə,ŋ,məŋ,mèng,meng4,meng,4,unknown,False,common,78,120
meng5,meng,m,,ə,ŋ,məŋ,meng,meng5,meng,5,unknown,False,common,78,120
ma1,ma,m,,a,,ma,mā,ma1,ma,1,unknown,False,common,79,121
ma2,ma,m,,a,,ma,má,ma2,ma,2,unknown,False,common,79,121
ma3,ma,m,,a,,ma,mǎ,ma3,ma,3,unknown,False,common,79,121
ma4,ma,m,,a,,ma,mà,ma4,ma,4,unknown,False,common,79,121
ma5,ma,m,,a,,ma,ma,ma5,ma,5,unknown,False,common,79,121
mai1,mai,m,,a,i,mai,māi,mai1,mai,1,unknown,False,common,80,122
mai2,mai,m,,a,i,mai,mái,mai2,mai,2,unknown,False,common,80,122
mai3,mai,m,,a,i,mai,mǎi,mai3,mai,3,unknown,False,common,80,122
mai4,mai,m,,a,i,mai,mài,mai4,mai,4,unknown,False,common,80,122
mai5,mai,m,,a,i,mai,mai,mai5,mai,5,unknown,False,common,80,122
mao1,mao,m,,a,u,mau,māo,mao1,mao,1,unknown,False,common,81,123
mao2,mao,m,,a,u,mau,máo,mao2,mao,2,unknown,False,common,81,123
mao3,mao,m,,a,u,mau,mǎo,mao3,mao,3,unknown,False,common,81,123
mao4,mao,m,,a,u,mau,mào,mao4,mao,4,unknown,False,common,81,123
mao5,mao,m,,a,u,mau,mao,mao5,mao,5,unknown,False,common,81,123
man1,man,m,,a,n,man,mān,man1,man,1,unknown,False,common,82,124
man2,man,m,,a,n,man,mán,man2,man,2,unknown,False,common,82,124
man3,man,m,,a,n,man,mǎn,man3,man,3,unknown,False,common,82,124
man4,man,m,,a,n,man,màn,man4,man,4,unknown,False,common,82,124
man5,man,m,,a,n,man,man,man5,man,5,unknown,False,common,82,124
mang1,mang,m,,a,ŋ,maŋ,māng,mang1,mang,1,unknown,False,common,83,125
mang2,mang,m,,a,ŋ,maŋ,máng,mang2,mang,2,unknown,False,common,83,125
mang3,mang,m,,a,ŋ,maŋ,mǎng,mang3,mang,3,unknown,False,common,83,125
mang4,mang,m,,a,ŋ,maŋ,màng,mang4,mang,4,unknown,False,common,83,125
mang5,mang,m,,a,ŋ,maŋ,mang,mang5,mang,5,unknown,False,common,83,125
mie1,mie,m,j,ə,,mjɛ,miē,mie1,mie,1,unknown,True,rare,84,127
mie2,mie,m,j,ə,,mjɛ,mié,mie2,mie,2,unknown,True,rare,84,127
mie3,mie,m,j,ə,,mjɛ,miě,mie3,mie,3,unknown,True,rare,84,127
mie4,mie,m,j,ə,,mjɛ,miè,mie4,mie,4,unknown,True,rare,84,127
mie5,mie,m,j,ə,,mjɛ,mie,mie5,mie,5,unknown,True,rare,84,127
miu1,miu,m,j,ə,u,mjou,miū,miu1,miu,1,unknown,True,rare,85,128
miu2,miu,m,j,ə,u,mjou,miú,miu2,miu,2,unknown,True,rare,85,128
miu3,miu,m,j,ə,u,mjou,miǔ,miu3,miu,3,unknown,True,rare,85,128
miu4,miu,m,j,ə,u,mjou,miù,miu4,miu,4,unknown,True,rare,85,128
miu5,miu,m,j,ə,u,mjou,miu,miu5,miu,5,unknown,True,rare,85,128
miao1,miao,m,j,a,u,mjau,miāo,miao1,miao,1,unknown,False,common,86,130
miao2,miao,m,j,a,u,mjau,miáo,miao2,miao,2,unknown,False,common,86,130
miao3,miao,m,j,a,u,mjau,miǎo,miao3,miao,3,unknown,False,common,86,130
miao4,miao,m,j,a,u,mjau,miào,miao4,miao,4,unknown,False,common,86,130
miao5,miao,m,j,a,u,mjau,miao,miao5,miao,5,unknown,False,common,86,130
mian1,mian,m,j,a,n,mjɛn,miān,mian1,mian,1,unknown,False,common,87,131
mian2,mian,m,j,a,n,mjɛn,mián,mian2,mian,2,unknown,False,common,87,131
mian3,mian,m,j,a,n,mjɛn,miǎn,mian3,mian,3,unknown,False,common,87,131
mian4,mian,m,j,a,n,mjɛn,miàn,mian4,mian,4,unknown,False,common,87,131
mian5,mian,m,j,a,n,mjɛn,mian,mian5,mian,5,unknown,False,common,87,131
fu1,fu,f,,u,,fu,fū,fu1,fu,1,unknown,False,common,88,147
fu2,fu,f,,u,,fu,fú,fu2,fu,2,unknown,False,common,88,147
fu3,fu,f,,u,,fu,fǔ,fu3,fu,3,unknown,False,common,88,147
fu4,fu,f,,u,,fu,fù,fu4,fu,4,unknown,False,common,88,147
fu5,fu,f,,u,,fu,fu,fu5,fu,5,unknown,False,common,88,147
fo1,fo,f,,ə,,fuo,fō,fo1,fo,1,unknown,True,rare,89,151
fo2,fo,f,,ə,,fuo,fó,fo2,fo,2,unknown,True,rare,89,151
fo3,fo,f,,ə,,fuo,fǒ,fo3,fo,3,unknown,True,rare,89,151
fo4,fo,f,,ə,,fuo,fò,fo4,fo,4,unknown,True,rare,89,151
fo5,fo,f,,ə,,fuo,fo,fo5,fo,5,unknown,True,rare,89,151
fei1,fei,f,,ə,i,fei,fēi,fei1,fei,1,unknown,False,common,90,152
fei2,fei,f,,ə,i,fei,féi,fei2,fei,2,unknown,False,common,90,152
fei3,fei,f,,ə,i,fei,fěi,fei3,fei,3,unknown,False,common,90,152
fei4,fei,f,,ə,i,fei,fèi,fei4,fei,4,unknown,False,common,90,152
fei5,fei,f,,ə,i,fei,fei,fei5,fei,5,unknown,False,common,90,152
fou1,fou,f,,ə,u,fou,fōu,fou1,fou,1,unknown,True,rare,91,153
fou2,fou,f,,ə,u,fou,fóu,fou2,fou,2,unknown,True,rare,91,153
fou3,fou,f,,ə,u,fou,fǒu,fou3,fou,3,unknown,True,rare,91,153
fou4,fou,f,,ə,u,fou,fòu,fou4,fou,4,unknown,True,rare,91,153
fou5,fou,f,,ə,u,fou,fou,fou5,fou,5,unknown,True,rare,91,153
fen1,fen,f,,ə,n,fən,fēn,fen1,fen,1,unknown,False,common,92,154
fen2,fen,f,,ə,n,fən,fén,fen2,fen,2,unknown,False,common,92,154
fen3,fen,f,,ə,n,fən,fěn,fen3,fen,3,unknown,False,common,92,154
fen4,fen,f,,ə,n,fən,fèn,fen4,fen,4,unknown,False,common,92,154
fen5,fen,f,,ə,n,fən,fen,fen5,fen,5,unknown,False,common,92,154
feng1,feng,f,,ə,ŋ,fəŋ,fēng,feng1,feng,1,unknown,False,common,93,155
feng2,feng,f,,ə,ŋ,fəŋ,féng,feng2,feng,2,unknown,False,common,93,155
feng3,feng,f,,ə,ŋ,fəŋ,fěng,feng3,feng,3,unknown,False,common,93,155
feng4,feng,f,,ə,ŋ,fəŋ,fèng,feng4,feng,4,unknown,False,common,93,155
feng5,feng,f,,ə,ŋ,fəŋ,feng,feng5,feng,5,unknown,False,common,93,155
fa1,fa,f,,a,,fa,fā,fa1,fa,1,unknown,False,common,94,156
fa2,fa,f,,a,,fa,fá,fa2,fa,2,unknown,False,common,94,156
fa3,fa,f,,a,,fa,fǎ,fa3,fa,3,unknown,False,common,94,156
fa4,fa,f,,a,,fa,fà,fa4,fa,4,unknown,False,common,94,156
fa5,fa,f,,a,,fa,fa,fa5,fa,5,unknown,False,common,94,156
fan1,fan,f,,a,n,fan,fān,fan1,fan,1,unknown,False,common,95,159
fan2,fan,f,,a,n,fan,fán,fan2,fan,2,unknown,False,common,95,159
fan3,fan,f,,a,n,fan,fǎn,fan3,fan,3,unknown,False,common,95,159
fan4,fan,f,,a,n,fan,fàn,fan4,fan,4,unknown,False,common,95,159
fan5,fan,f,,a,n,fan,fan,fan5,fan,5,unknown,False,common,95,159
fang1,fang,f,,a,ŋ,faŋ,fāng,fang1,fang,1,unknown,False,common,96,160
fang2,fang,f,,a,ŋ,faŋ,fáng,fang2,fang,2,unknown,False,common,96,160
fang3,fang,f,,a,ŋ,faŋ,fǎng,fang3,fang,3,unknown,False,common,96,160
fang4,fang,f,,a,ŋ,faŋ,fàng,fang4,fang,4,unknown,False,common,96,160
fang5,fang,f,,a,ŋ,faŋ,fang,fang5,fang,5,unknown,False,common,96,160
fiao1,fiao,f,j,a,u,fjau,fiāo,fiao1,fiao,1,unknown,True,rare,97,165
fiao2,fiao,f,j,a,u,fjau,fiáo,fiao2,fiao,2,unknown,True,rare,97,165
fiao3,fiao,f,j,a,u,fjau,fiǎo,fiao3,fiao,3,unknown,True,rare,97,165
fiao4,fiao,f,j,a,u,fjau,fiào,fiao4,fiao,4,unknown,True,rare,97,165
fiao5,fiao,f,j,a,u,fjau,fiao,fiao5,fiao,5,unknown,True,rare,97,165
di1,di,t,,i,,ti,dī,di1,di,1,unknown,False,common,98,179
di2,di,t,,i,,ti,dí,di2,di,2,unknown,False,common,98,179
di3,di,t,,i,,ti,dǐ,di3,di,3,unknown,False,common,98,179
di4,di,t,,i,,ti,dì,di4,di,4,unknown,False,common,98,179
di5,di,t,,i,,ti,di,di5,di,5,unknown,False,common,98,179
ding1,ding,t,,i,ŋ,tiŋ,dīng,ding1,ding,1,unknown,False,common,99,181
ding2,ding,t,,i,ŋ,tiŋ,díng,ding2,ding,2,unknown,False,common,99,181
ding3,ding,t,,i,ŋ,tiŋ,dǐng,ding3,ding,3,unknown,False,common,99,181
ding4,ding,t,,i,ŋ,tiŋ,dìng,ding4,ding,4,unknown,False,common,99,181
ding5,ding,t,,i,ŋ,tiŋ,ding,ding5,ding,5,unknown,False,common,99,181
du1,du,t,,u,,tu,dū,du1,du,1,unknown,False,common,100,182
du2,du,t,,u,,tu,dú,du2,du,2,unknown,False,common,100,182
du3,du,t,,u,,tu,dǔ,du3,du,3,unknown,False,common,100,182
du4,du,t,,u,,tu,dù,du4,du,4,unknown,False,common,100,182
du5,du,t,,u,,tu,du,du5,du,5,unknown,False,common,100,182
dong1,dong,t,,u,ŋ,tuŋ,dōng,dong1,dong,1,unknown,False,common,101,183
dong2,dong,t,,u,ŋ,tuŋ,dóng,dong2,dong,2,unknown,False,common,101,183
dong3,dong,t,,u,ŋ,tuŋ,dǒng,dong3,dong,3,unknown,False,common,101,183
dong4,dong,t,,u,ŋ,tuŋ,dòng,dong4,dong,4,unknown,False,common,101,183
dong5,dong,t,,u,ŋ,tuŋ,dong,dong5,dong,5,unknown,False,common,101,183
de1,de,t,,ə,,tɤ,dē,de1,de,1,unknown,False,common,102,186
de2,de,t,,ə,,tɤ,dé,de2,de,2,unknown,False,common,102,186
de3,de,t,,ə,,tɤ,dě,de3,de,3,unknown,False,common,102,186
de4,de,t,,ə,,tɤ,dè,de4,de,4,unknown,False,common,102,186
de5,de,t,,ə,,tɤ,de,de5,de,5,unknown,False,common,102,186
dei1,dei,t,,ə,i,tei,dēi,dei1,dei,1,unknown,False,common,103,187
dei2,dei,t,,ə,i,tei,déi,dei2,dei,2,unknown,False,common,103,187
dei3,dei,t,,ə,i,tei,děi,dei3,dei,3,unknown,False,common,103,187
dei4,dei,t,,ə,i,tei,dèi,dei4,dei,4,unknown,False,common,103,187
dei5,dei,t,,ə,i,tei,dei,dei5,dei,5,unknown,False,common,103,187
dou1,dou,t,,ə,u,tou,dōu,dou1,dou,1,unknown,False,common,104,188
dou2,dou,t,,ə,u,tou,dóu,dou2,dou,2,unknown,False,common,104,188
dou3,dou,t,,ə,u,tou,dǒu,dou3,dou,3,unknown,False,common,104,188
dou4,dou,t,,ə,u,tou,dòu,dou4,dou,4,unknown,False,common,104,188
dou5,dou,t,,ə,u,tou,dou,dou5,dou,5,unknown,False,common,104,188
den1,den,t,,ə,n,tən,dēn,den1,den,1,unknown,False,common,105,189
den2,den,t,,ə,n,tən,dén,den2,den,2,unknown,False,common,105,189
den3,den,t,,ə,n,tən,děn,den3,den,3,unknown,False,common,105,189
den4,den,t,,ə,n,tən,dèn,den4,den,4,unknown,False,common,105,189
den5,den,t,,ə,n,tən,den,den5,den,5,unknown,False,common,105,189
deng1,deng,t,,ə,ŋ,təŋ,dēng,deng1,deng,1,unknown,False,common,106,190
deng2,deng,t,,ə,ŋ,təŋ,déng,deng2,deng,2,unknown,False,common,106,190
deng3,deng,t,,ə,ŋ,təŋ,děng,deng3,deng,3,unknown,False,common,106,190
deng4,deng,t,,ə,ŋ,təŋ,dèng,deng4,deng,4,unknown,False,common,106,190
deng5,deng,t,,ə,ŋ,təŋ,deng,deng5,deng,5,unknown,False,common,106,190
da1,da,t,,a,,ta,dā,da1,da,1,unknown,False,common,107,191
da2,da,t,,a,,ta,dá,da2,da,2,unknown,False,common,107,191
da3,da,t,,a,,ta,dǎ,da3,da,3,unknown,False,common,107,191
da4,da,t,,a,,ta,dà,da4,da,4,unknown,False,common,107,191
da5,da,t,,a,,ta,da,da5,da,5,unknown,False,common,107,191
dai1,dai,t,,a,i,tai,dāi,dai1,dai,1,unknown,False,common,108,192
dai2,dai,t,,a,i,tai,dái,dai2,dai,2,unknown,False,common,108,192
dai3,dai,t,,a,i,tai,dǎi,dai3,dai,3,unknown,False,common,108,192
dai4,dai,t,,a,i,tai,dài,dai4,dai,4,unknown,False,common,108,192
dai5,dai,t,,a,i,tai,dai,dai5,dai,5,unknown,False,common,108,192
dao1,dao,t,,a,u,tau,dāo,dao1,dao,1,unknown,False,common,109,193
dao2,dao,t,,a,u,tau,dáo,dao2,dao,2,unknown,False,common,109,193
dao3,dao,t,,a,u,tau,dǎo,dao3,dao,3,unknown,False,common,109,193
dao4,dao,t,,a,u,tau,dào,dao4,dao,4,unknown,False,common,109,193
dao5,dao,t,,a,u,tau,dao,dao5,dao,5,unknown,False,common,109,193
dan1,dan,t,,a,n,tan,dān,dan1,dan,1,unknown,False,common,110,194
dan2,dan,t,,a,n,tan,dán,dan2,dan,2,unknown,False,common,110,194
dan3,dan,t,,a,n,tan,dǎn,dan3,dan,3,unknown,False,common,110,194
dan4,dan,t,,a,n,tan,dàn,dan4,dan,4,unknown,False,common,110,194
dan5,dan,t,,a,n,tan,dan,dan5,dan,5,unknown,False,common,110,194
dang1,dang,t,,a,ŋ,taŋ,dāng,dang1,dang,1,unknown,False,common,111,195
dang2,dang,t,,a,ŋ,taŋ,dáng,dang2,dang,2,unknown,False,common,111,195
dang3,dang,t,,a,ŋ,taŋ,dǎng,dang3,dang,3,unknown,False,common,111,195
dang4,dang,t,,a,ŋ,taŋ,dàng,dang4,dang,4,unknown,False,common,111,195
dang5,dang,t,,a,ŋ,taŋ,dang,dang5,dang,5,unknown,False,common,111,195
die1,die,t,j,ə,,tjɛ,diē,die1,die,1,unknown,False,common,112,197
die2,die,t,j,ə,,tjɛ,dié,die2,die,2,unknown,False,common,112,197
die3,die,t,j,ə,,tjɛ,diě,die3,die,3,unknown,False,common,112,197
die4,die,t,j,ə,,tjɛ,diè,die4,die,4,unknown,False,common,112,197
die5,die,t,j,ə,,tjɛ,die,die5,die,5,unknown,False,common,112,197
diu1,diu,t,j,ə,u,tjou,diū,diu1,diu,1,unknown,True,rare,113,198
diu2,diu,t,j,ə,u,tjou,diú,diu2,diu,2,unknown,True,rare,113,198
diu3,diu,t,j,ə,u,tjou,diǔ,diu3,diu,3,unknown,True,rare,113,198
diu4,diu,t,j,ə,u,tjou,diù,diu4,diu,4,unknown,True,rare,113,198
diu5,diu,t,j,ə,u,tjou,diu,diu5,diu,5,unknown,True,rare,113,198
dia1,dia,t,j,a,,tja,diā,dia1,dia,1,unknown,True,rare,114,199
dia2,dia,t,j,a,,tja,diá,dia2,dia,2,unknown,True,rare,114,199
dia3,dia,t,j,a,,tja,diǎ,dia3,dia,3,unknown,True,rare,114,199
dia4,dia,t,j,a,,tja,dià,dia4,dia,4,unknown,True,rare,114,199
dia5,dia,t,j,a,,tja,dia,dia5,dia,5,unknown,True,rare,114,199
diao1,diao,t,j,a,u,tjau,diāo,diao1,diao,1,unknown,False,common,115,200
diao2,diao,t,j,a,u,tjau,diáo,diao2,diao,2,unknown,False,common,115,200
diao3,diao,t,j,a,u,tjau,diǎo,diao3,diao,3,unknown,False,common,115,200
diao4,diao,t,j,a,u,tjau,diào,diao4,diao,4,unknown,False,common,115,200
diao5,diao,t,j,a,u,tjau,diao,diao5,diao,5,unknown,False,common,115,200
dian1,dian,t,j,a,n,tjɛn,diān,dian1,dian,1,unknown,False,common,116,201
dian2,dian,t,j,a,n,tjɛn,dián,dian2,dian,2,unknown,False,common,116,201
dian3,dian,t,j,a,n,tjɛn,diǎn,dian3,dian,3,unknown,False,common,116,201
dian4,dian,t,j,a,n,tjɛn,diàn,dian4,dian,4,unknown,False,common,116,201
dian5,dian,t,j,a,n,tjɛn,dian,dian5,dian,5,unknown,False,common,116,201
duo1,duo,t,w,ə,,tuo,duō,duo1,duo,1,unknown,False,common,117,203
duo2,duo,t,w,ə,,tuo,duó,duo2,duo,2,unknown,False,common,117,203
duo3,duo,t,w,ə,,tuo,duǒ,duo3,duo,3,unknown,False,common,117,203
duo4,duo,t,w,ə,,tuo,duò,duo4,duo,4,unknown,False,common,117,203
duo5,duo,t,w,ə,,tuo,duo,duo5,duo,5,unknown,False,common,117,203
dui1,dui,t,w,ə,i,tuei,duī,dui1,dui,1,unknown,False,common,118,204
dui2,dui,t,w,ə,i,tuei,duí,dui2,dui,2,unknown,False,common,118,204
dui3,dui,t,w,ə,i,tuei,duǐ,dui3,dui,3,unknown,False,common,118,204
dui4,dui,t,w,ə,i,tuei,duì,dui4,dui,4,unknown,False,common,118,204
dui5,dui,t,w,ə,i,tuei,dui,dui5,dui,5,unknown,False,common,118,204
dun1,dun,t,w,ə,n,tuən,dūn,dun1,dun,1,unknown,False,common,119,205
dun2,dun,t,w,ə,n,tuən,dún,dun2,dun,2,unknown,False,common,119,205
dun3,dun,t,w,ə,n,tuən,dǔn,dun3,dun,3,unknown,False,common,119,205
dun4,dun,t,w,ə,n,tuən,dùn,dun4,dun,4,unknown,False,common,119,205
dun5,dun,t,w,ə,n,tuən,dun,dun5,dun,5,unknown,False,common,119,205
duan1,duan,t,w,a,n,tuan,duān,duan1,duan,1,unknown,False,common,120,209
duan2,duan,t,w,a,n,tuan,duán,duan2,duan,2,unknown,False,common,120,209
duan3,duan,t,w,a,n,tuan,duǎn,duan3,duan,3,unknown,False,common,120,209
duan4,duan,t,w,a,n,tuan,duàn,duan4,duan,4,unknown,False,common,120,209
duan5,duan,t,w,a,n,tuan,duan,duan5,duan,5,unknown,False,common,120,209
ti1,ti,tʰ,,i,,tʰi,tī,ti1,ti,1,unknown,False,common,121,214
ti2,ti,tʰ,,i,,tʰi,tí,ti2,ti,2,unknown,False,common,121,214
ti3,ti,tʰ,,i,,tʰi,tǐ,ti3,ti,3,unknown,False,common,121,214
ti4,ti,tʰ,,i,,tʰi,tì,ti4,ti,4,unknown,False,common,121,214
ti5,ti,tʰ,,i,,tʰi,ti,ti5,ti,5,unknown,False,common,121,214
ting1,ting,tʰ,,i,ŋ,tʰiŋ,tīng,ting1,ting,1,unknown,False,common,122,216
ting2,ting,tʰ,,i,ŋ,tʰiŋ,tíng,ting2,ting,2,unknown,False,common,122,216
ting3,ting,tʰ,,i,ŋ,tʰiŋ,tǐng,ting3,ting,3,unknown,False,common,122,216
ting4,ting,tʰ,,i,ŋ,tʰiŋ,tìng,ting4,ting,4,unknown,False,common,122,216
ting5,ting,tʰ,,i,ŋ,tʰiŋ,ting,ting5,ting,5,unknown,False,common,122,216
tu1,tu,tʰ,,u,,tʰu,tū,tu1,tu,1,unknown,False,common,123,217
tu2,tu,tʰ,,u,,tʰu,tú,tu2,tu,2,unknown,False,common,123,217
tu3,tu,tʰ,,u,,tʰu,tǔ,tu3,tu,3,unknown,False,common,123,217
tu4,tu,tʰ,,u,,tʰu,tù,tu4,tu,4,unknown,False,common,123,217
tu5,tu,tʰ,,u,,tʰu,tu,tu5,tu,5,unknown,False,common,123,217
tong1,tong,tʰ,,u,ŋ,tʰuŋ,tōng,tong1,tong,1,unknown,False,common,124,218
tong2,tong,tʰ,,u,ŋ,tʰuŋ,tóng,tong2,tong,2,unknown,False,common,124,218
tong3,tong,tʰ,,u,ŋ,tʰuŋ,tǒng,tong3,tong,3,unknown,False,common,124,218
tong4,tong,tʰ,,u,ŋ,tʰuŋ,tòng,tong4,tong,4,unknown,False,common,124,218
tong5,tong,tʰ,,u,ŋ,tʰuŋ,tong,tong5,tong,5,unknown,False,common,124,218
te1,te,tʰ,,ə,,tʰɤ,tē,te1,te,1,unknown,True,rare,125,221
te2,te,tʰ,,ə,,tʰɤ,té,te2,te,2,unknown,True,rare,125,221
te3,te,tʰ,,ə,,tʰɤ,tě,te3,te,3,unknown,True,rare,125,221
te4,te,tʰ,,ə,,tʰɤ,tè,te4,te,4,unknown,True,rare,125,221
te5,te,tʰ,,ə,,tʰɤ,te,te5,te,5,unknown,True,rare,125,221
tei1,tei,tʰ,,ə,i,tʰei,tēi,tei1,tei,1,unknown,True,rare,126,222
tei2,tei,tʰ,,ə,i,tʰei,téi,tei2,tei,2,unknown,True,rare,126,222
tei3,tei,tʰ,,ə,i,tʰei,těi,tei3,tei,3,unknown,True,rare,126,222
tei4,tei,tʰ,,ə,i,tʰei,tèi,tei4,tei,4,unknown,True,rare,126,222
tei5,tei,tʰ,,ə,i,tʰei,tei,tei5,tei,5,unknown,True,rare,126,222
tou1,tou,tʰ,,ə,u,tʰou,tōu,tou1,tou,1,unknown,False,common,127,223
tou2,tou,tʰ,,ə,u,tʰou,tóu,tou2,tou,2,unknown,False,common,127,223
tou3,tou,tʰ,,ə,u,tʰou,tǒu,tou3,tou,3,unknown,False,common,127,223
tou4,tou,tʰ,,ə,u,tʰou,tòu,tou4,tou,4,unknown,False,common,127,223
tou5,tou,tʰ,,ə,u,tʰou,tou,tou5,tou,5,unknown,False,common,127,223
teng1,teng,tʰ,,ə,ŋ,tʰəŋ,tēng,teng1,teng,1,unknown,False,common,128,225
teng2,teng,tʰ,,ə,ŋ,tʰəŋ,téng,teng2,teng,2,unknown,False,common,128,225
teng3,teng,tʰ,,ə,ŋ,tʰəŋ,těng,teng3,teng,3,unknown,False,common,128,225
teng4,teng,tʰ,,ə,ŋ,tʰəŋ,tèng,teng4,teng,4,unknown,False,common,128,225
teng5,teng,tʰ,,ə,ŋ,tʰəŋ,teng,teng5,teng,5,unknown,False,common,128,225
ta1,ta,tʰ,,a,,tʰa,tā,ta1,ta,1,unknown,False,common,129,226
ta2,ta,tʰ,,a,,tʰa,tá,ta2,ta,2,unknown,False,common,129,226
ta3,ta,tʰ,,a,,tʰa,tǎ,ta3,ta,3,unknown,False,common,129,226
ta4,ta,tʰ,,a,,tʰa,tà,ta4,ta,4,unknown,False,common,129,226
ta5,ta,tʰ,,a,,tʰa,ta,ta5,ta,5,unknown,False,common,129,226
tai1,tai,tʰ,,a,i,tʰai,tāi,tai1,tai,1,unknown,False,common,130,227
tai2,tai,tʰ,,a,i,tʰai,tái,tai2,tai,2,unknown,False,common,130,227
tai3,tai,tʰ,,a,i,tʰai,tǎi,tai3,tai,3,unknown,False,common,130,227
tai4,tai,tʰ,,a,i,tʰai,tài,tai4,tai,4,unknown,False,common,130,227
tai5,tai,tʰ,,a,i,tʰai,tai,tai5,tai,5,unknown,False,common,130,227
tao1,tao,tʰ,,a,u,tʰau,tāo,tao1,tao,1,unknown,False,common,131,228
tao2,tao,tʰ,,a,u,tʰau,táo,tao2,tao,2,unknown,False,common,131,228
tao3,tao,tʰ,,a,u,tʰau,tǎo,tao3,tao,3,unknown,False,common,131,228
tao4,tao,tʰ,,a,u,tʰau,tào,tao4,tao,4,unknown,False,common,131,228
tao5,tao,tʰ,,a,u,tʰau,tao,tao5,tao,5,unknown,False,common,131,228
tan1,tan,tʰ,,a,n,tʰan,tān,tan1,tan,1,unknown,False,common,132,229
tan2,tan,tʰ,,a,n,tʰan,tán,tan2,tan,2,unknown,False,common,132,229
tan3,tan,tʰ,,a,n,tʰan,tǎn,tan3,tan,3,unknown,False,common,132,229
tan4,tan,tʰ,,a,n,tʰan,tàn,tan4,tan,4,unknown,False,common,132,229
tan5,tan,tʰ,,a,n,tʰan,tan,tan5,tan,5,unknown,False,common,132,229
tang1,tang,tʰ,,a,ŋ,tʰaŋ,tāng,tang1,tang,1,unknown,False,common,133,230
tang2,tang,tʰ,,a,ŋ,tʰaŋ,táng,tang2,tang,2,unknown,False,common,133,230
tang3,tang,tʰ,,a,ŋ,tʰaŋ,tǎng,tang3,tang,3,unknown,False,common,133,230
tang4,tang,tʰ,,a,ŋ,tʰaŋ,tàng,tang4,tang,4,unknown,False,common,133,230
tang5,tang,tʰ,,a,ŋ,tʰaŋ,tang,tang5,tang,5,unknown,False,common,133,230
tie1,tie,tʰ,j,ə,,tʰjɛ,tiē,tie1,tie,1,unknown,False,common,134,232
tie2,tie,tʰ,j,ə,,tʰjɛ,tié,tie2,tie,2,unknown,False,common,134,232
tie3,tie,tʰ,j,ə,,tʰjɛ,tiě,tie3,tie,3,unknown,False,common,134,232
tie4,tie,tʰ,j,ə,,tʰjɛ,tiè,tie4,tie,4,unknown,False,common,134,232
tie5,tie,tʰ,j,ə,,tʰjɛ,tie,tie5,tie,5,unknown,False,common,134,232
tiao1,tiao,tʰ,j,a,u,tʰjau,tiāo,tiao1,tiao,1,unknown,False,common,135,235
tiao2,tiao,tʰ,j,a,u,tʰjau,tiáo,tiao2,tiao,2,unknown,False,common,135,235
tiao3,tiao,tʰ,j,a,u,tʰjau,tiǎo,tiao3,tiao,3,unknown,False,common,135,235
tiao4,tiao,tʰ,j,a,u,tʰjau,tiào,tiao4,tiao,4,unknown,False,common,135,235
tiao5,tiao,tʰ,j,a,u,tʰjau,tiao,tiao5,tiao,5,unknown,False,common,135,235
tian1,tian,tʰ,j,a,n,tʰjɛn,tiān,tian1,tian,1,unknown,False,common,136,236
tian2,tian,tʰ,j,a,n,tʰjɛn,tián,tian2,tian,2,unknown,False,common,136,236
tian3,tian,tʰ,j,a,n,tʰjɛn,tiǎn,tian3,tian,3,unknown,False,common,136,236
tian4,tian,tʰ,j,a,n,tʰjɛn,tiàn,tian4,tian,4,unknown,False,common,136,236
tian5,tian,tʰ,j,a,n,tʰjɛn,tian,tian5,tian,5,unknown,False,common,136,236
tuo1,tuo,tʰ,w,ə,,tʰuo,tuō,tuo1,tuo,1,unknown,False,common,137,238
tuo2,tuo,tʰ,w,ə,,tʰuo,tuó,tuo2,tuo,2,unknown,False,common,137,238
tuo3,tuo,tʰ,w,ə,,tʰuo,tuǒ,tuo3,tuo,3,unknown,False,common,137,238
tuo4,tuo,tʰ,w,ə,,tʰuo,tuò,tuo4,tuo,4,unknown,False,common,137,238
tuo5,tuo,tʰ,w,ə,,tʰuo,tuo,tuo5,tuo,5,unknown,False,common,137,238
tui1,tui,tʰ,w,ə,i,tʰuei,tuī,tui1,tui,1,unknown,False,common,138,239
tui2,tui,tʰ,w,ə,i,tʰuei,tuí,tui2,tui,2,unknown,False,common,138,239
tui3,tui,tʰ,w,ə,i,tʰuei,tuǐ,tui3,tui,3,unknown,False,common,138,239
tui4,tui,tʰ,w,ə,i,tʰuei,tuì,tui4,tui,4,unknown,False,common,138,239
tui5,tui,tʰ,w,ə,i,tʰuei,tui,tui5,tui,5,unknown,False,common,138,239
tun1,tun,tʰ,w,ə,n,tʰuən,tūn,tun1,tun,1,unknown,False,common,139,240
tun2,tun,tʰ,w,ə,n,tʰuən,tún,tun2,tun,2,unknown,False,common,139,240
tun3,tun,tʰ,w,ə,n,tʰuən,tǔn,tun3,tun,3,unknown,False,common,139,240
tun4,tun,tʰ,w,ə,n,tʰuən,tùn,tun4,tun,4,unknown,False,common,139,240
tun5,tun,tʰ,w,ə,n,tʰuən,tun,tun5,tun,5,unknown,False,common,139,240
tuan1,tuan,tʰ,w,a,n,tʰuan,tuān,tuan1,tuan,1,unknown,True,rare,140,244
tuan2,tuan,tʰ,w,a,n,tʰuan,tuán,tuan2,tuan,2,unknown,True,rare,140,244
tuan3,tuan,tʰ,w,a,n,tʰuan,tuǎn,tuan3,tuan,3,unknown,True,rare,140,244
tuan4,tuan,tʰ,w,a,n,tʰuan,tuàn,tuan4,tuan,4,unknown,True,rare,140,244
tuan5,tuan,tʰ,w,a,n,tʰuan,tuan,tuan5,tuan,5,unknown,True,rare,140,244
n1,n,n,,,,n,n,n1,n,1,unknown,True,rare,141,248
n2,n,n,,,,n,n,n2,n,2,unknown,True,rare,141,248
n3,n,n,,,,n,n,n3,n,3,unknown,True,rare,141,248
n4,n,n,,,,n,n,n4,n,4,unknown,True,rare,141,248
n5,n,n,,,,n,n,n5,n,5,unknown,True,rare,141,248
ni1,ni,n,,i,,ni,nī,ni1,ni,1,unknown,False,common,142,249
ni2,ni,n,,i,,ni,ní,ni2,ni,2,unknown,False,common,142,249
ni3,ni,n,,i,,ni,nǐ,ni3,ni,3,unknown,False,common,142,249
ni4,ni,n,,i,,ni,nì,ni4,ni,4,unknown,False,common,142,249
ni5,ni,n,,i,,ni,ni,ni5,ni,5,unknown,False,common,142,249
nin1,nin,n,,i,n,nin,nīn,nin1,nin,1,unknown,True,rare,143,250
nin2,nin,n,,i,n,nin,nín,nin2,nin,2,unknown,True,rare,143,250
nin3,nin,n,,i,n,nin,nǐn,nin3,nin,3,unknown,True,rare,143,250
nin4,nin,n,,i,n,nin,nìn,nin4,nin,4,unknown,True,rare,143,250
nin5,nin,n,,i,n,nin,nin,nin5,nin,5,unknown,True,rare,143,250
ning1,ning,n,,i,ŋ,niŋ,nīng,ning1,ning,1,unknown,False,common,144,251
ning2,ning,n,,i,ŋ,niŋ,níng,ning2,ning,2,unknown,False,common,144,251
ning3,ning,n,,i,ŋ,niŋ,nǐng,ning3,ning,3,unknown,False,common,144,251
ning4,ning,n,,i,ŋ,niŋ,nìng,ning4,ning,4,unknown,False,common,144,251
ning5,ning,n,,i,ŋ,niŋ,ning,ning5,ning,5,unknown,False,common,144,251
nu1,nu,n,,u,,nu,nū,nu1,nu,1,unknown,False,common,145,252
nu2,nu,n,,u,,nu,nú,nu2,nu,2,unknown,False,common,145,252
nu3,nu,n,,u,,nu,nǔ,nu3,nu,3,unknown,False,common,145,252
nu4,nu,n,,u,,nu,nù,nu4,nu,4,unknown,False,common,145,252
nu5,nu,n,,u,,nu,nu,nu5,nu,5,unknown,False,common,145,252
nong1,nong,n,,u,ŋ,nuŋ,nōng,nong1,nong,1,unknown,False,common,146,253
nong2,nong,n,,u,ŋ,nuŋ,nóng,nong2,nong,2,unknown,False,common,146,253
nong3,nong,n,,u,ŋ,nuŋ,nǒng,nong3,nong,3,unknown,False,common,146,253
nong4,nong,n,,u,ŋ,nuŋ,nòng,nong4,nong,4,unknown,False,common,146,253
nong5,nong,n,,u,ŋ,nuŋ,nong,nong5,nong,5,unknown,False,common,146,253
nv1,nv,n,,y,,ny,nǖ,nü1,nv,1,unknown,False,common,147,254
nv2,nv,n,,y,,ny,nǘ,nü2,nv,2,unknown,False,common,147,254
nv3,nv,n,,y,,ny,nǚ,nü3,nv,3,unknown,False,common,147,254
nv4,nv,n,,y,,ny,nǜ,nü4,nv,4,unknown,False,common,147,254
nv5,nv,n,,y,,ny,nü,nü5,nv,5,unknown,False,common,147,254
ne1,ne,n,,ə,,nɤ,nē,ne1,ne,1,unknown,True,rare,148,256
ne2,ne,n,,ə,,nɤ,né,ne2,ne,2,unknown,True,rare,148,256
ne3,ne,n,,ə,,nɤ,ně,ne3,ne,3,unknown,True,rare,148,256
ne4,ne,n,,ə,,nɤ,nè,ne4,ne,4,unknown,True,rare,148,256
ne5,ne,n,,ə,,nɤ,ne,ne5,ne,5,unknown,True,rare,148,256
nei1,nei,n,,ə,i,nei,nēi,nei1,nei,1,unknown,True,rare,149,257
nei2,nei,n,,ə,i,nei,néi,nei2,nei,2,unknown,True,rare,149,257
nei3,nei,n,,ə,i,nei,něi,nei3,nei,3,unknown,True,rare,149,257
nei4,nei,n,,ə,i,nei,nèi,nei4,nei,4,unknown,True,rare,149,257
nei5,nei,n,,ə,i,nei,nei,nei5,nei,5,unknown,True,rare,149,257
nou1,nou,n,,ə,u,nou,nōu,nou1,nou,1,unknown,False,common,150,258
nou2,nou,n,,ə,u,nou,nóu,nou2,nou,2,unknown,False,common,150,258
nou3,nou,n,,ə,u,nou,nǒu,nou3,nou,3,unknown,False,common,150,258
nou4,nou,n,,ə,u,nou,nòu,nou4,nou,4,unknown,False,common,150,258
nou5,nou,n,,ə,u,nou,nou,nou5,nou,5,unknown,False,common,150,258
nen1,nen,n,,ə,n,nən,nēn,nen1,nen,1,unknown,True,rare,151,259
nen2,nen,n,,ə,n,nən,nén,nen2,nen,2,unknown,True,rare,151,259
nen3,nen,n,,ə,n,nən,něn,nen3,nen,3,unknown,True,rare,151,259
nen4,nen,n,,ə,n,nən,nèn,nen4,nen,4,unknown,True,rare,151,259
nen5,nen,n,,ə,n,nən,nen,nen5,nen,5,unknown,True,rare,151,259
neng1,neng,n,,ə,ŋ,nəŋ,nēng,neng1,neng,1,unknown,True,rare,152,260
neng2,neng,n,,ə,ŋ,nəŋ,néng,neng2,neng,2,unknown,True,rare,152,260
neng3,neng,n,,ə,ŋ,nəŋ,něng,neng3,neng,3,unknown,True,rare,152,260
neng4,neng,n,,ə,ŋ,nəŋ,nèng,neng4,neng,4,unknown,True,rare,152,260
neng5,neng,n,,ə,ŋ,nəŋ,neng,neng5,neng,5,unknown,True,rare,152,260
na1,na,n,,a,,na,nā,na1,na,1,unknown,False,common,153,261
na2,na,n,,a,,na,ná,na2,na,2,unknown,False,common,153,261
na3,na,n,,a,,na,nǎ,na3,na,3,unknown,False,common,153,261
na4,na,n,,a,,na,nà,na4,na,4,unknown,False,common,153,261
na5,na,n,,a,,na,na,na5,na,5,unknown,False,common,153,261
nai1,nai,n,,a,i,nai,nāi,nai1,nai,1,unknown,False,common,154,262
nai2,nai,n,,a,i,nai,nái,nai2,nai,2,unknown,False,common,154,262
nai3,nai,n,,a,i,nai,nǎi,nai3,nai,3,unknown,False,common,154,262
nai4,nai,n,,a,i,nai,nài,nai4,nai,4,unknown,False,common,154,262
nai5,nai,n,,a,i,nai,nai,nai5,nai,5,unknown,False,common,154,262
nao1,nao,n,,a,u,nau,nāo,nao1,nao,1,unknown,False,common,155,263
nao2,nao,n,,a,u,nau,náo,nao2,nao,2,unknown,False,common,155,263
nao3,nao,n,,a,u,nau,nǎo,nao3,nao,3,unknown,False,common,155,263
nao4,nao,n,,a,u,nau,nào,nao4,nao,4,unknown,False,common,155,263
nao5,nao,n,,a,u,nau,nao,nao5,nao,5,unknown,False,common,155,263
nan1,nan,n,,a,n,nan,nān,nan1,nan,1,unknown,False,common,156,264
nan2,nan,n,,a,n,nan,nán,nan2,nan,2,unknown,False,common,156,264
nan3,nan,n,,a,n,nan,nǎn,nan3,nan,3,unknown,False,common,156,264
nan4,nan,n,,a,n,nan,nàn,nan4,nan,4,unknown,False,common,156,264
nan5,nan,n,,a,n,nan,nan,nan5,nan,5,unknown,False,common,156,264
nang1,nang,n,,a,ŋ,naŋ,nāng,nang1,nang,1,unknown,True,rare,157,265
nang2,nang,n,,a,ŋ,naŋ,náng,nang2,nang,2,unknown,True,rare,157,265
nang3,nang,n,,a,ŋ,naŋ,nǎng,nang3,nang,3,unknown,True,rare,157,265
nang4,nang,n,,a,ŋ,naŋ,nàng,nang4,nang,4,unknown,True,rare,157,265
nang5,nang,n,,a,ŋ,naŋ,nang,nang5,nang,5,unknown,True,rare,157,265
nie1,nie,n,j,ə,,njɛ,niē,nie1,nie,1,unknown,False,common,158,267
nie2,nie,n,j,ə,,njɛ,nié,nie2,nie,2,unknown,False,common,158,267
nie3,nie,n,j,ə,,njɛ,niě,nie3,nie,3,unknown,False,common,158,267
nie4,nie,n,j,ə,,njɛ,niè,nie4,nie,4,unknown,False,common,158,267
nie5,nie,n,j,ə,,njɛ,nie,nie5,nie,5,unknown,False,common,158,267
niu1,niu,n,j,ə,u,njou,niū,niu1,niu,1,unknown,False,common,159,268
niu2,niu,n,j,ə,u,njou,niú,niu2,niu,2,unknown,False,common,159,268
niu3,niu,n,j,ə,u,njou,niǔ,niu3,niu,3,unknown,False,common,159,268
niu4,niu,n,j,ə,u,njou,niù,niu4,niu,4,unknown,False,common,159,268
niu5,niu,n,j,ə,u,njou,niu,niu5,niu,5,unknown,False,common,159,268
niao1,niao,n,j,a,u,njau,niāo,niao1,niao,1,unknown,True,rare,160,270
niao2,niao,n,j,a,u,njau,niáo,niao2,niao,2,unknown,True,rare,160,270
niao3,niao,n,j,a,u,njau,niǎo,niao3,niao,3,unknown,True,rare,160,270
niao4,niao,n,j,a,u,njau,niào,niao4,niao,4,unknown,True,rare,160,270
niao5,niao,n,j,a,u,njau,niao,niao5,niao,5,unknown,True,rare,160,270
nian1,nian,n,j,a,n,njɛn,niān,nian1,nian,1,unknown,False,common,161,271
nian2,nian,n,j,a,n,njɛn,nián,nian2,nian,2,unknown,False,common,161,271
nian3,nian,n,j,a,n,njɛn,niǎn,nian3,nian,3,unknown,False,common,161,271
nian4,nian,n,j,a,n,njɛn,niàn,nian4,nian,4,unknown,False,common,161,271
nian5,nian,n,j,a,n,njɛn,nian,nian5,nian,5,unknown,False,common,161,271
niang1,niang,n,j,a,ŋ,njaŋ,niāng,niang1,niang,1,unknown,True,rare,162,272
niang2,niang,n,j,a,ŋ,njaŋ,niáng,niang2,niang,2,unknown,True,rare,162,272
niang3,niang,n,j,a,ŋ,njaŋ,niǎng,niang3,niang,3,unknown,True,rare,162,272
niang4,niang,n,j,a,ŋ,njaŋ,niàng,niang4,niang,4,unknown,True,rare,162,272
niang5,niang,n,j,a,ŋ,njaŋ,niang,niang5,niang,5,unknown,True,rare,162,272
nuo1,nuo,n,w,ə,,nuo,nuō,nuo1,nuo,1,unknown,False,common,163,273
nuo2,nuo,n,w,ə,,nuo,nuó,nuo2,nuo,2,unknown,False,common,163,273
nuo3,nuo,n,w,ə,,nuo,nuǒ,nuo3,nuo,3,unknown,False,common,163,273
nuo4,nuo,n,w,ə,,nuo,nuò,nuo4,nuo,4,unknown,False,common,163,273
nuo5,nuo,n,w,ə,,nuo,nuo,nuo5,nuo,5,unknown,False,common,163,273
nun1,nun,n,w,ə,n,nuən,nūn,nun1,nun,1,unknown,True,rare,164,275
nun2,nun,n,w,ə,n,nuən,nún,nun2,nun,2,unknown,True,rare,164,275
nun3,nun,n,w,ə,n,nuən,nǔn,nun3,nun,3,unknown,True,rare,164,275
nun4,nun,n,w,ə,n,nuən,nùn,nun4,nun,4,unknown,True,rare,164,275
nun5,nun,n,w,ə,n,nuən,nun,nun5,nun,5,unknown,True,rare,164,275
nuan1,nuan,n,w,a,n,nuan,nuān,nuan1,nuan,1,unknown,True,rare,165,279
nuan2,nuan,n,w,a,n,nuan,nuán,nuan2,nuan,2,unknown,True,rare,165,279
nuan3,nuan,n,w,a,n,nuan,nuǎn,nuan3,nuan,3,unknown,True,rare,165,279
nuan4,nuan,n,w,a,n,nuan,nuàn,nuan4,nuan,4,unknown,True,rare,165,279
nuan5,nuan,n,w,a,n,nuan,nuan,nuan5,nuan,5,unknown,True,rare,165,279
nve1,nve,n,ɥ,ə,,nyɛ,nüē,nüe1,nve,1,unknown,True,rare,166,281
nve2,nve,n,ɥ,ə,,nyɛ,nüé,nüe2,nve,2,unknown,True,rare,166,281
nve3,nve,n,ɥ,ə,,nyɛ,nüě,nüe3,nve,3,unknown,True,rare,166,281
nve4,nve,n,ɥ,ə,,nyɛ,nüè,nüe4,nve,4,unknown,True,rare,166,281
nve5,nve,n,ɥ,ə,,nyɛ,nüe,nüe5,nve,5,unknown,True,rare,166,281
li1,li,l,,i,,li,lī,li1,li,1,unknown,False,common,167,284
li2,li,l,,i,,li,lí,li2,li,2,unknown,False,common,167,284
li3,li,l,,i,,li,lǐ,li3,li,3,unknown,False,common,167,284
li4,li,l,,i,,li,lì,li4,li,4,unknown,False,common,167,284
li5,li,l,,i,,li,li,li5,li,5,unknown,False,common,167,284
lin1,lin,l,,i,n,lin,līn,lin1,lin,1,unknown,False,common,168,285
lin2,lin,l,,i,n,lin,lín,lin2,lin,2,unknown,False,common,168,285
lin3,lin,l,,i,n,lin,lǐn,lin3,lin,3,unknown,False,common,168,285
lin4,lin,l,,i,n,lin,lìn,lin4,lin,4,unknown,False,common,168,285
lin5,lin,l,,i,n,lin,lin,lin5,lin,5,unknown,False,common,168,285
ling1,ling,l,,i,ŋ,liŋ,līng,ling1,ling,1,unknown,False,common,169,286
ling2,ling,l,,i,ŋ,liŋ,líng,ling2,ling,2,unknown,False,common,169,286
ling3,ling,l,,i,ŋ,liŋ,lǐng,ling3,ling,3,unknown,False,common,169,286
ling4,ling,l,,i,ŋ,liŋ,lìng,ling4,ling,4,unknown,False,common,169,286
ling5,ling,l,,i,ŋ,liŋ,ling,ling5,ling,5,unknown,False,common,169,286
lu1,lu,l,,u,,lu,lū,lu1,lu,1,unknown,False,common,170,287
lu2,lu,l,,u,,lu,lú,lu2,lu,2,unknown,False,common,170,287
lu3,lu,l,,u,,lu,lǔ,lu3,lu,3,unknown,False,common,170,287
lu4,lu,l,,u,,lu,lù,lu4,lu,4,unknown,False,common,170,287
lu5,lu,l,,u,,lu,lu,lu5,lu,5,unknown,False,common,170,287
long1,long,l,,u,ŋ,luŋ,lōng,long1,long,1,unknown,False,common,171,288
long2,long,l,,u,ŋ,luŋ,lóng,long2,long,2,unknown,False,common,171,288
long3,long,l,,u,ŋ,luŋ,lǒng,long3,long,3,unknown,False,common,171,288
long4,long,l,,u,ŋ,luŋ,lòng,long4,long,4,unknown,False,common,171,288
long5,long,l,,u,ŋ,luŋ,long,long5,long,5,unknown,False,common,171,288
lv1,lv,l,,y,,ly,lǖ,lü1,lv,1,unknown,False,common,172,289
lv2,lv,l,,y,,ly,lǘ,lü2,lv,2,unknown,False,common,172,289
lv3,lv,l,,y,,ly,lǚ,lü3,lv,3,unknown,False,common,172,289
lv4,lv,l,,y,,ly,lǜ,lü4,lv,4,unknown,False,common,172,289
lv5,lv,l,,y,,ly,lü,lü5,lv,5,unknown,False,common,172,289
le1,le,l,,ə,,lɤ,lē,le1,le,1,unknown,True,rare,173,291
le2,le,l,,ə,,lɤ,lé,le2,le,2,unknown,True,rare,173,291
le3,le,l,,ə,,lɤ,lě,le3,le,3,unknown,True,rare,173,291
le4,le,l,,ə,,lɤ,lè,le4,le,4,unknown,True,rare,173,291
le5,le,l,,ə,,lɤ,le,le5,le,5,unknown,True,rare,173,291
lei1,lei,l,,ə,i,lei,lēi,lei1,lei,1,unknown,False,common,174,292
lei2,lei,l,,ə,i,lei,léi,lei2,lei,2,unknown,False,common,174,292
lei3,lei,l,,ə,i,lei,lěi,lei3,lei,3,unknown,False,common,174,292
lei4,lei,l,,ə,i,lei,lèi,lei4,lei,4,unknown,False,common,174,292
lei5,lei,l,,ə,i,lei,lei,lei5,lei,5,unknown,False,common,174,292
lou1,lou,l,,ə,u,lou,lōu,lou1,lou,1,unknown,False,common,175,293
lou2,lou,l,,ə,u,lou,lóu,lou2,lou,2,unknown,False,common,175,293
lou3,lou,l,,ə,u,lou,lǒu,lou3,lou,3,unknown,False,common,175,293
lou4,lou,l,,ə,u,lou,lòu,lou4,lou,4,unknown,False,common,175,293
lou5,lou,l,,ə,u,lou,lou,lou5,lou,5,unknown,False,common,175,293
leng1,leng,l,,ə,ŋ,ləŋ,lēng,leng1,leng,1,unknown,False,common,176,295
leng2,leng,l,,ə,ŋ,ləŋ,léng,leng2,leng,2,unknown,False,common,176,295
leng3,leng,l,,ə,ŋ,ləŋ,lěng,leng3,leng,3,unknown,False,common,176,295
leng4,leng,l,,ə,ŋ,ləŋ,lèng,leng4,leng,4,unknown,False,common,176,295
leng5,leng,l,,ə,ŋ,ləŋ,leng,leng5,leng,5,unknown,False,common,176,295
la1,la,l,,a,,la,lā,la1,la,1,unknown,False,common,177,296
la2,la,l,,a,,la,lá,la2,la,2,unknown,False,common,177,296
la3,la,l,,a,,la,lǎ,la3,la,3,unknown,False,common,177,296
la4,la,l,,a,,la,là,la4,la,4,unknown,False,common,177,296
la5,la,l,,a,,la,la,la5,la,5,unknown,False,common,177,296
lai1,lai,l,,a,i,lai,lāi,lai1,lai,1,unknown,False,common,178,297
lai2,lai,l,,a,i,lai,lái,lai2,lai,2,unknown,False,common,178,297
lai3,lai,l,,a,i,lai,lǎi,lai3,lai,3,unknown,False,common,178,297
lai4,lai,l,,a,i,lai,lài,lai4,lai,4,unknown,False,common,178,297
lai5,lai,l,,a,i,lai,lai,lai5,lai,5,unknown,False,common,178,297
lao1,lao,l,,a,u,lau,lāo,lao1,lao,1,unknown,False,common,179,298
lao2,lao,l,,a,u,lau,láo,lao2,lao,2,unknown,False,common,179,298
lao3,lao,l,,a,u,lau,lǎo,lao3,lao,3,unknown,False,common,179,298
lao4,lao,l,,a,u,lau,lào,lao4,lao,4,unknown,False,common,179,298
lao5,lao,l,,a,u,lau,lao,lao5,lao,5,unknown,False,common,179,298
lan1,lan,l,,a,n,lan,lān,lan1,lan,1,unknown,False,common,180,299
lan2,lan,l,,a,n,lan,lán,lan2,lan,2,unknown,False,common,180,299
lan3,lan,l,,a,n,lan,lǎn,lan3,lan,3,unknown,False,common,180,299
lan4,lan,l,,a,n,lan,làn,lan4,lan,4,unknown,False,common,180,299
lan5,lan,l,,a,n,lan,lan,lan5,lan,5,unknown,False,common,180,299
lang1,lang,l,,a,ŋ,laŋ,lāng,lang1,lang,1,unknown,False,common,181,300
lang2,lang,l,,a,ŋ,laŋ,láng,lang2,lang,2,unknown,False,common,181,300
lang3,lang,l,,a,ŋ,laŋ,lǎng,lang3,lang,3,unknown,False,common,181,300
lang4,lang,l,,a,ŋ,laŋ,làng,lang4,lang,4,unknown,False,common,181,300
lang5,lang,l,,a,ŋ,laŋ,lang,lang5,lang,5,unknown,False,common,181,300
lie1,lie,l,j,ə,,ljɛ,liē,lie1,lie,1,unknown,False,common,182,302
lie2,lie,l,j,ə,,ljɛ,lié,lie2,lie,2,unknown,False,common,182,302
lie3,lie,l,j,ə,,ljɛ,liě,lie3,lie,3,unknown,False,common,182,302
lie4,lie,l,j,ə,,ljɛ,liè,lie4,lie,4,unknown,False,common,182,302
lie5,lie,l,j,ə,,ljɛ,lie,lie5,lie,5,unknown,False,common,182,302
liu1,liu,l,j,ə,u,ljou,liū,liu1,liu,1,unknown,False,common,183,303
liu2,liu,l,j,ə,u,ljou,liú,liu2,liu,2,unknown,False,common,183,303
liu3,liu,l,j,ə,u,ljou,liǔ,liu3,liu,3,unknown,False,common,183,303
liu4,liu,l,j,ə,u,ljou,liù,liu4,liu,4,unknown,False,common,183,303
liu5,liu,l,j,ə,u,ljou,liu,liu5,liu,5,unknown,False,common,183,303
lia1,lia,l,j,a,,lja,liā,lia1,lia,1,unknown,True,rare,184,304
lia2,lia,l,j,a,,lja,liá,lia2,lia,2,unknown,True,rare,184,304
lia3,lia,l,j,a,,lja,liǎ,lia3,lia,3,unknown,True,rare,184,304
lia4,lia,l,j,a,,lja,lià,lia4,lia,4,unknown,True,rare,184,304
lia5,lia,l,j,a,,lja,lia,lia5,lia,5,unknown,True,rare,184,304
liao1,liao,l,j,a,u,ljau,liāo,liao1,liao,1,unknown,False,common,185,305
liao2,liao,l,j,a,u,ljau,liáo,liao2,liao,2,unknown,False,common,185,305
liao3,liao,l,j,a,u,ljau,liǎo,liao3,liao,3,unknown,False,common,185,305
liao4,liao,l,j,a,u,ljau,liào,liao4,liao,4,unknown,False,common,185,305
liao5,liao,l,j,a,u,ljau,liao,liao5,liao,5,unknown,False,common,185,305
lian1,lian,l,j,a,n,ljɛn,liān,lian1,lian,1,unknown,False,common,186,306
lian2,lian,l,j,a,n,ljɛn,lián,lian2,lian,2,unknown,False,common,186,306
lian3,lian,l,j,a,n,ljɛn,liǎn,lian3,lian,3,unknown,False,common,186,306
lian4,lian,l,j,a,n,ljɛn,liàn,lian4,lian,4,unknown,False,common,186,306
lian5,lian,l,j,a,n,ljɛn,lian,lian5,lian,5,unknown,False,common,186,306
liang1,liang,l,j,a,ŋ,ljaŋ,liāng,liang1,liang,1,unknown,False,common,187,307
liang2,liang,l,j,a,ŋ,ljaŋ,liáng,liang2,liang,2,unknown,False,common,187,307
liang3,liang,l,j,a,ŋ,ljaŋ,liǎng,liang3,liang,3,unknown,False,common,187,307
liang4,liang,l,j,a,ŋ,ljaŋ,liàng,liang4,liang,4,unknown,False,common,187,307
liang5,liang,l,j,a,ŋ,ljaŋ,liang,liang5,liang,5,unknown,False,common,187,307
luo1,luo,l,w,ə,,luo,luō,luo1,luo,1,unknown,False,common,188,308
luo2,luo,l,w,ə,,luo,luó,luo2,luo,2,unknown,False,common,188,308
luo3,luo,l,w,ə,,luo,luǒ,luo3,luo,3,unknown,False,common,188,308
luo4,luo,l,w,ə,,luo,luò,luo4,luo,4,unknown,False,common,188,308
luo5,luo,l,w,ə,,luo,luo,luo5,luo,5,unknown,False,common,188,308
lun1,lun,l,w,ə,n,luən,lūn,lun1,lun,1,unknown,False,common,189,310
lun2,lun,l,w,ə,n,luən,lún,lun2,lun,2,unknown,False,common,189,310
lun3,lun,l,w,ə,n,luən,lǔn,lun3,lun,3,unknown,False,common,189,310
lun4,lun,l,w,ə,n,luən,lùn,lun4,lun,4,unknown,False,common,189,310
lun5,lun,l,w,ə,n,luən,lun,lun5,lun,5,unknown,False,common,189,310
luan1,luan,l,w,a,n,luan,luān,luan1,luan,1,unknown,False,common,190,314
luan2,luan,l,w,a,n,luan,luán,luan2,luan,2,unknown,False,common,190,314
luan3,luan,l,w,a,n,luan,luǎn,luan3,luan,3,unknown,False,common,190,314
luan4,luan,l,w,a,n,luan,luàn,luan4,luan,4,unknown,False,common,190,314
luan5,luan,l,w,a,n,luan,luan,luan5,luan,5,unknown,False,common,190,314
lve1,lve,l,ɥ,ə,,lyɛ,lüē,lüe1,lve,1,unknown,False,common,191,316
lve2,lve,l,ɥ,ə,,lyɛ,lüé,lüe2,lve,2,unknown,False,common,191,316
lve3,lve,l,ɥ,ə,,lyɛ,lüě,lüe3,lve,3,unknown,False,common,191,316
lve4,lve,l,ɥ,ə,,lyɛ,lüè,lüe4,lve,4,unknown,False,common,191,316
lve5,lve,l,ɥ,ə,,lyɛ,lüe,lüe5,lve,5,unknown,False,common,191,316
gu1,gu,g,,u,,gu,gū,gu1,gu,1,unknown,False,common,192,322
gu2,gu,g,,u,,gu,gú,gu2,gu,2,unknown,False,common,192,322
gu3,gu,g,,u,,gu,gǔ,gu3,gu,3,unknown,False,common,192,322
gu4,gu,g,,u,,gu,gù,gu4,gu,4,unknown,False,common,192,322
gu5,gu,g,,u,,gu,gu,gu5,gu,5,unknown,False,common,192,322
gong1,gong,g,,u,ŋ,guŋ,gōng,gong1,gong,1,unknown,False,common,193,323
gong2,gong,g,,u,ŋ,guŋ,góng,gong2,gong,2,unknown,False,common,193,323
gong3,gong,g,,u,ŋ,guŋ,gǒng,gong3,gong,3,unknown,False,common,193,323
gong4,gong,g,,u,ŋ,guŋ,gòng,gong4,gong,4,unknown,False,common,193,323
gong5,gong,g,,u,ŋ,guŋ,gong,gong5,gong,5,unknown,False,common,193,323
ge1,ge,g,,ə,,gɤ,gē,ge1,ge,1,unknown,False,common,194,326
ge2,ge,g,,ə,,gɤ,gé,ge2,ge,2,unknown,False,common,194,326
ge3,ge,g,,ə,,gɤ,gě,ge3,ge,3,unknown,False,common,194,326
ge4,ge,g,,ə,,gɤ,gè,ge4,ge,4,unknown,False,common,194,326
ge5,ge,g,,ə,,gɤ,ge,ge5,ge,5,unknown,False,common,194,326
gei1,gei,g,,ə,i,gei,gēi,gei1,gei,1,unknown,True,rare,195,327
gei2,gei,g,,ə,i,gei,géi,gei2,gei,2,unknown,True,rare,195,327
gei3,gei,g,,ə,i,gei,gěi,gei3,gei,3,unknown,True,rare,195,327
gei4,gei,g,,ə,i,gei,gèi,gei4,gei,4,unknown,True,rare,195,327
gei5,gei,g,,ə,i,gei,gei,gei5,gei,5,unknown,True,rare,195,327
gou1,gou,g,,ə,u,gou,gōu,gou1,gou,1,unknown,False,common,196,328
gou2,gou,g,,ə,u,gou,góu,gou2,gou,2,unknown,False,common,196,328
gou3,gou,g,,ə,u,gou,gǒu,gou3,gou,3,unknown,False,common,196,328
gou4,gou,g,,ə,u,gou,gòu,gou4,gou,4,unknown,False,common,196,328
gou5,gou,g,,ə,u,gou,gou,gou5,gou,5,unknown,False,common,196,328
gen1,gen,g,,ə,n,gən,gēn,gen1,gen,1,unknown,True,rare,197,329
gen2,gen,g,,ə,n,gən,gén,gen2,gen,2,unknown,True,rare,197,329
gen3,gen,g,,ə,n,gən,gěn,gen3,gen,3,unknown,True,rare,197,329
gen4,gen,g,,ə,n,gən,gèn,gen4,gen,4,unknown,True,rare,197,329
gen5,gen,g,,ə,n,gən,gen,gen5,gen,5,unknown,True,rare,197,329
geng1,geng,g,,ə,ŋ,gəŋ,gēng,geng1,geng,1,unknown,False,common,198,330
geng2,geng,g,,ə,ŋ,gəŋ,géng,geng2,geng,2,unknown,False,common,198,330
geng3,geng,g,,ə,ŋ,gəŋ,gěng,geng3,geng,3,unknown,False,common,198,330
geng4,geng,g,,ə,ŋ,gəŋ,gèng,geng4,geng,4,unknown,False,common,198,330
geng5,geng,g,,ə,ŋ,gəŋ,geng,geng5,geng,5,unknown,False,common,198,330
ga1,ga,g,,a,,ga,gā,ga1,ga,1,unknown,True,rare,199,331
ga2,ga,g,,a,,ga,gá,ga2,ga,2,unknown,True,rare,199,331
ga3,ga,g,,a,,ga,gǎ,ga3,ga,3,unknown,True,rare,199,331
ga4,ga,g,,a,,ga,gà,ga4,ga,4,unknown,True,rare,199,331
ga5,ga,g,,a,,ga,ga,ga5,ga,5,unknown,True,rare,199,331
gai1,gai,g,,a,i,gai,gāi,gai1,gai,1,unknown,False,common,200,332
gai2,gai,g,,a,i,gai,gái,gai2,gai,2,unknown,False,common,200,332
gai3,gai,g,,a,i,gai,gǎi,gai3,gai,3,unknown,False,common,200,332
gai4,gai,g,,a,i,gai,gài,gai4,gai,4,unknown,False,common,200,332
gai5,gai,g,,a,i,gai,gai,gai5,gai,5,unknown,False,common,200,332
gao1,gao,g,,a,u,gau,gāo,gao1,gao,1,unknown,False,common,201,333
gao2,gao,g,,a,u,gau,gáo,gao2,gao,2,unknown,False,common,201,333
gao3,gao,g,,a,u,gau,gǎo,gao3,gao,3,unknown,False,common,201,333
gao4,gao,g,,a,u,gau,gào,gao4,gao,4,unknown,False,common,201,333
gao5,gao,g,,a,u,gau,gao,gao5,gao,5,unknown,False,common,201,333
gan1,gan,g,,a,n,gan,gān,gan1,gan,1,unknown,False,common,202,334
gan2,gan,g,,a,n,gan,gán,gan2,gan,2,unknown,False,common,202,334
gan3,gan,g,,a,n,gan,gǎn,gan3,gan,3,unknown,False,common,202,334
gan4,gan,g,,a,n,gan,gàn,gan4,gan,4,unknown,False,common,202,334
gan5,gan,g,,a,n,gan,gan,gan5,gan,5,unknown,False,common,202,334
gang1,gang,g,,a,ŋ,gaŋ,gāng,gang1,gang,1,unknown,False,common,203,335
gang2,gang,g,,a,ŋ,gaŋ,gáng,gang2,gang,2,unknown,False,common,203,335
gang3,gang,g,,a,ŋ,gaŋ,gǎng,gang3,gang,3,unknown,False,common,203,335
gang4,gang,g,,a,ŋ,gaŋ,gàng,gang4,gang,4,unknown,False,common,203,335
gang5,gang,g,,a,ŋ,gaŋ,gang,gang5,gang,5,unknown,False,common,203,335
guo1,guo,g,w,ə,,guo,guō,guo1,guo,1,unknown,False,common,204,343
guo2,guo,g,w,ə,,guo,guó,guo2,guo,2,unknown,False,common,204,343
guo3,guo,g,w,ə,,guo,guǒ,guo3,guo,3,unknown,False,common,204,343
guo4,guo,g,w,ə,,guo,guò,guo4,guo,4,unknown,False,common,204,343
guo5,guo,g,w,ə,,guo,guo,guo5,guo,5,unknown,False,common,204,343
gui1,gui,g,w,ə,i,guei,guī,gui1,gui,1,unknown,False,common,205,344
gui2,gui,g,w,ə,i,guei,guí,gui2,gui,2,unknown,False,common,205,344
gui3,gui,g,w,ə,i,guei,guǐ,gui3,gui,3,unknown,False,common,205,344
gui4,gui,g,w,ə,i,guei,guì,gui4,gui,4,unknown,False,common,205,344
gui5,gui,g,w,ə,i,guei,gui,gui5,gui,5,unknown,False,common,205,344
gun1,gun,g,w,ə,n,guən,gūn,gun1,gun,1,unknown,True,rare,206,345
gun2,gun,g,w,ə,n,guən,gún,gun2,gun,2,unknown,True,rare,206,345
gun3,gun,g,w,ə,n,guən,gǔn,gun3,gun,3,unknown,True,rare,206,345
gun4,gun,g,w,ə,n,guən,gùn,gun4,gun,4,unknown,True,rare,206,345
gun5,gun,g,w,ə,n,guən,gun,gun5,gun,5,unknown,True,rare,206,345
gua1,gua,g,w,a,,gua,guā,gua1,gua,1,unknown,False,common,207,347
gua2,gua,g,w,a,,gua,guá,gua2,gua,2,unknown,False,common,207,347
gua3,gua,g,w,a,,gua,guǎ,gua3,gua,3,unknown,False,common,207,347
gua4,gua,g,w,a,,gua,guà,gua4,gua,4,unknown,False,common,207,347
gua5,gua,g,w,a,,gua,gua,gua5,gua,5,unknown,False,common,207,347
guai1,guai,g,w,a,i,guai,guāi,guai1,guai,1,unknown,False,common,208,348
guai2,guai,g,w,a,i,guai,guái,guai2,guai,2,unknown,False,common,208,348
guai3,guai,g,w,a,i,guai,guǎi,guai3,guai,3,unknown,False,common,208,348
guai4,guai,g,w,a,i,guai,guài,guai4,guai,4,unknown,False,common,208,348
guai5,guai,g,w,a,i,guai,guai,guai5,guai,5,unknown,False,common,208,348
guan1,guan,g,w,a,n,guan,guān,guan1,guan,1,unknown,False,common,209,349
guan2,guan,g,w,a,n,guan,guán,guan2,guan,2,unknown,False,common,209,349
guan3,guan,g,w,a,n,guan,guǎn,guan3,guan,3,unknown,False,common,209,349
guan4,guan,g,w,a,n,guan,guàn,guan4,guan,4,unknown,False,common,209,349
guan5,guan,g,w,a,n,guan,guan,guan5,guan,5,unknown,False,common,209,349
guang1,guang,g,w,a,ŋ,guaŋ,guāng,guang1,guang,1,unknown,False,common,210,350
guang2,guang,g,w,a,ŋ,guaŋ,guáng,guang2,guang,2,unknown,False,common,210,350
guang3,guang,g,w,a,ŋ,guaŋ,guǎng,guang3,guang,3,unknown,False,common,210,350
guang4,guang,g,w,a,ŋ,guaŋ,guàng,guang4,guang,4,unknown,False,common,210,350
guang5,guang,g,w,a,ŋ,guaŋ,guang,guang5,guang,5,unknown,False,common,210,350
ku1,ku,k,,u,,ku,kū,ku1,ku,1,unknown,False,common,211,357
ku2,ku,k,,u,,ku,kú,ku2,ku,2,unknown,False,common,211,357
ku3,ku,k,,u,,ku,kǔ,ku3,ku,3,unknown,False,common,211,357
ku4,ku,k,,u,,ku,kù,ku4,ku,4,unknown,False,common,211,357
ku5,ku,k,,u,,ku,ku,ku5,ku,5,unknown,False,common,211,357
kong1,kong,k,,u,ŋ,kuŋ,kōng,kong1,kong,1,unknown,False,common,212,358
kong2,kong,k,,u,ŋ,kuŋ,kóng,kong2,kong,2,unknown,False,common,212,358
kong3,kong,k,,u,ŋ,kuŋ,kǒng,kong3,kong,3,unknown,False,common,212,358
kong4,kong,k,,u,ŋ,kuŋ,kòng,kong4,kong,4,unknown,False,common,212,358
kong5,kong,k,,u,ŋ,kuŋ,kong,kong5,kong,5,unknown,False,common,212,358
ke1,ke,k,,ə,,kɤ,kē,ke1,ke,1,unknown,False,common,213,361
ke2,ke,k,,ə,,kɤ,ké,ke2,ke,2,unknown,False,common,213,361
ke3,ke,k,,ə,,kɤ,kě,ke3,ke,3,unknown,False,common,213,361
ke4,ke,k,,ə,,kɤ,kè,ke4,ke,4,unknown,False,common,213,361
ke5,ke,k,,ə,,kɤ,ke,ke5,ke,5,unknown,False,common,213,361
kei1,kei,k,,ə,i,kei,kēi,kei1,kei,1,unknown,False,common,214,362
kei2,kei,k,,ə,i,kei,kéi,kei2,kei,2,unknown,False,common,214,362
kei3,kei,k,,ə,i,kei,kěi,kei3,kei,3,unknown,False,common,214,362
kei4,kei,k,,ə,i,kei,kèi,kei4,kei,4,unknown,False,common,214,362
kei5,kei,k,,ə,i,kei,kei,kei5,kei,5,unknown,False,common,214,362
kou1,kou,k,,ə,u,kou,kōu,kou1,kou,1,unknown,False,common,215,363
kou2,kou,k,,ə,u,kou,kóu,kou2,kou,2,unknown,False,common,215,363
kou3,kou,k,,ə,u,kou,kǒu,kou3,kou,3,unknown,False,common,215,363
kou4,kou,k,,ə,u,kou,kòu,kou4,kou,4,unknown,False,common,215,363
kou5,kou,k,,ə,u,kou,kou,kou5,kou,5,unknown,False,common,215,363
ken1,ken,k,,ə,n,kən,kēn,ken1,ken,1,unknown,False,common,216,364
ken2,ken,k,,ə,n,kən,kén,ken2,ken,2,unknown,False,common,216,364
ken3,ken,k,,ə,n,kən,kěn,ken3,ken,3,unknown,False,common,216,364
ken4,ken,k,,ə,n,kən,kèn,ken4,ken,4,unknown,False,common,216,364
ken5,ken,k,,ə,n,kən,ken,ken5,ken,5,unknown,False,common,216,364
keng1,keng,k,,ə,ŋ,kəŋ,kēng,keng1,keng,1,unknown,True,rare,217,365
keng2,keng,k,,ə,ŋ,kəŋ,kéng,keng2,keng,2,unknown,True,rare,217,365
keng3,keng,k,,ə,ŋ,kəŋ,kěng,keng3,keng,3,unknown,True,rare,217,365
keng4,keng,k,,ə,ŋ,kəŋ,kèng,keng4,keng,4,unknown,True,rare,217,365
keng5,keng,k,,ə,ŋ,kəŋ,keng,keng5,keng,5,unknown,True,rare,217,365
ka1,ka,k,,a,,ka,kā,ka1,ka,1,unknown,True,rare,218,366
ka2,ka,k,,a,,ka,ká,ka2,ka,2,unknown,True,rare,218,366
ka3,ka,k,,a,,ka,kǎ,ka3,ka,3,unknown,True,rare,218,366
ka4,ka,k,,a,,ka,kà,ka4,ka,4,unknown,True,rare,218,366
ka5,ka,k,,a,,ka,ka,ka5,ka,5,unknown,True,rare,218,366
kai1,kai,k,,a,i,kai,kāi,kai1,kai,1,unknown,False,common,219,367
kai2,kai,k,,a,i,kai,kái,kai2,kai,2,unknown,False,common,219,367
kai3,kai,k,,a,i,kai,kǎi,kai3,kai,3,unknown,False,common,219,367
kai4,kai,k,,a,i,kai,kài,kai4,kai,4,unknown,False,common,219,367
kai5,kai,k,,a,i,kai,kai,kai5,kai,5,unknown,False,common,219,367
kao1,kao,k,,a,u,kau,kāo,kao1,kao,1,unknown,False,common,220,368
kao2,kao,k,,a,u,kau,káo,kao2,kao,2,unknown,False,common,220,368
kao3,kao,k,,a,u,kau,kǎo,kao3,kao,3,unknown,False,common,220,368
kao4,kao,k,,a,u,kau,kào,kao4,kao,4,unknown,False,common,220,368
kao5,kao,k,,a,u,kau,kao,kao5,kao,5,unknown,False,common,220,368
kan1,kan,k,,a,n,kan,kān,kan1,kan,1,unknown,False,common,221,369
kan2,kan,k,,a,n,kan,kán,kan2,kan,2,unknown,False,common,221,369
kan3,kan,k,,a,n,kan,kǎn,kan3,kan,3,unknown,False,common,221,369
kan4,kan,k,,a,n,kan,kàn,kan4,kan,4,unknown,False,common,221,369
kan5,kan,k,,a,n,kan,kan,kan5,kan,5,unknown,False,common,221,369
kang1,kang,k,,a,ŋ,kaŋ,kāng,kang1,kang,1,unknown,False,common,222,370
kang2,kang,k,,a,ŋ,kaŋ,káng,kang2,kang,2,unknown,False,common,222,370
kang3,kang,k,,a,ŋ,kaŋ,kǎng,kang3,kang,3,unknown,False,common,222,370
kang4,kang,k,,a,ŋ,kaŋ,kàng,kang4,kang,4,unknown,False,common,222,370
kang5,kang,k,,a,ŋ,kaŋ,kang,kang5,kang,5,unknown,False,common,222,370
kuo1,kuo,k,w,ə,,kuo,kuō,kuo1,kuo,1,unknown,False,common,223,378
kuo2,kuo,k,w,ə,,kuo,kuó,kuo2,kuo,2,unknown,False,common,223,378
kuo3,kuo,k,w,ə,,kuo,kuǒ,kuo3,kuo,3,unknown,False,common,223,378
kuo4,kuo,k,w,ə,,kuo,kuò,kuo4,kuo,4,unknown,False,common,223,378
kuo5,kuo,k,w,ə,,kuo,kuo,kuo5,kuo,5,unknown,False,common,223,378
kui1,kui,k,w,ə,i,kuei,kuī,kui1,kui,1,unknown,False,common,224,379
kui2,kui,k,w,ə,i,kuei,kuí,kui2,kui,2,unknown,False,common,224,379
kui3,kui,k,w,ə,i,kuei,kuǐ,kui3,kui,3,unknown,False,common,224,379
kui4,kui,k,w,ə,i,kuei,kuì,kui4,kui,4,unknown,False,common,224,379
kui5,kui,k,w,ə,i,kuei,kui,kui5,kui,5,unknown,False,common,224,379
kun1,kun,k,w,ə,n,kuən,kūn,kun1,kun,1,unknown,False,common,225,380
kun2,kun,k,w,ə,n,kuən,kún,kun2,kun,2,unknown,False,common,225,380
kun3,kun,k,w,ə,n,kuən,kǔn,kun3,kun,3,unknown,False,common,225,380
kun4,kun,k,w,ə,n,kuən,kùn,kun4,kun,4,unknown,False,common,225,380
kun5,kun,k,w,ə,n,kuən,kun,kun5,kun,5,unknown,False,common,225,380
kua1,kua,k,w,a,,kua,kuā,kua1,kua,1,unknown,False,common,226,382
kua2,kua,k,w,a,,kua,kuá,kua2,kua,2,unknown,False,common,226,382
kua3,kua,k,w,a,,kua,kuǎ,kua3,kua,3,unknown,False,common,226,382
kua4,kua,k,w,a,,kua,kuà,kua4,kua,4,unknown,False,common,226,382
kua5,kua,k,w,a,,kua,kua,kua5,kua,5,unknown,False,common,226,382
kuai1,kuai,k,w,a,i,kuai,kuāi,kuai1,kuai,1,unknown,False,common,227,383
kuai2,kuai,k,w,a,i,kuai,kuái,kuai2,kuai,2,unknown,False,common,227,383
kuai3,kuai,k,w,a,i,kuai,kuǎi,kuai3,kuai,3,unknown,False,common,227,383
kuai4,kuai,k,w,a,i,kuai,kuài,kuai4,kuai,4,unknown,False,common,227,383
kuai5,kuai,k,w,a,i,kuai,kuai,kuai5,kuai,5,unknown,False,common,227,383
kuan1,kuan,k,w,a,n,kuan,kuān,kuan1,kuan,1,unknown,True,rare,228,384
kuan2,kuan,k,w,a,n,kuan,kuán,kuan2,kuan,2,unknown,True,rare,228,384
kuan3,kuan,k,w,a,n,kuan,kuǎn,kuan3,kuan,3,unknown,True,rare,228,384
kuan4,kuan,k,w,a,n,kuan,kuàn,kuan4,kuan,4,unknown,True,rare,228,384
kuan5,kuan,k,w,a,n,kuan,kuan,kuan5,kuan,5,unknown,True,rare,228,384
kuang1,kuang,k,w,a,ŋ,kuaŋ,kuāng,kuang1,kuang,1,unknown,False,common,229,385
kuang2,kuang,k,w,a,ŋ,kuaŋ,kuáng,kuang2,kuang,2,unknown,False,common,229,385
kuang3,kuang,k,w,a,ŋ,kuaŋ,kuǎng,kuang3,kuang,3,unknown,False,common,229,385
kuang4,kuang,k,w,a,ŋ,kuaŋ,kuàng,kuang4,kuang,4,unknown,False,common,229,385
kuang5,kuang,k,w,a,ŋ,kuaŋ,kuang,kuang5,kuang,5,unknown,False,common,229,385
hu1,hu,x,,u,,xu,hū,hu1,hu,1,unknown,False,common,230,392
hu2,hu,x,,u,,xu,hú,hu2,hu,2,unknown,False,common,230,392
hu3,hu,x,,u,,xu,hǔ,hu3,hu,3,unknown,False,common,230,392
hu4,hu,x,,u,,xu,hù,hu4,hu,4,unknown,False,common,230,392
hu5,hu,x,,u,,xu,hu,hu5,hu,5,unknown,False,common,230,392
hong1,hong,x,,u,ŋ,xuŋ,hōng,hong1,hong,1,unknown,False,common,231,393
hong2,hong,x,,u,ŋ,xuŋ,hóng,hong2,hong,2,unknown,False,common,231,393
hong3,hong,x,,u,ŋ,xuŋ,hǒng,hong3,hong,3,unknown,False,common,231,393
hong4,hong,x,,u,ŋ,xuŋ,hòng,hong4,hong,4,unknown,False,common,231,393
hong5,hong,x,,u,ŋ,xuŋ,hong,hong5,hong,5,unknown,False,common,231,393
he1,he,x,,ə,,xɤ,hē,he1,he,1,unknown,False,common,232,396
he2,he,x,,ə,,xɤ,hé,he2,he,2,unknown,False,common,232,396
he3,he,x,,ə,,xɤ,hě,he3,he,3,unknown,False,common,232,396
he4,he,x,,ə,,xɤ,hè,he4,he,4,unknown,False,common,232,396
he5,he,x,,ə,,xɤ,he,he5,he,5,unknown,False,common,232,396
hei1,hei,x,,ə,i,xei,hēi,hei1,hei,1,unknown,True,rare,233,397
hei2,hei,x,,ə,i,xei,héi,hei2,hei,2,unknown,True,rare,233,397
hei3,hei,x,,ə,i,xei,hěi,hei3,hei,3,unknown,True,rare,233,397
hei4,hei,x,,ə,i,xei,hèi,hei4,hei,4,unknown,True,rare,233,397
hei5,hei,x,,ə,i,xei,hei,hei5,hei,5,unknown,True,rare,233,397
hou1,hou,x,,ə,u,xou,hōu,hou1,hou,1,unknown,False,common,234,398
hou2,hou,x,,ə,u,xou,hóu,hou2,hou,2,unknown,False,common,234,398
hou3,hou,x,,ə,u,xou,hǒu,hou3,hou,3,unknown,False,common,234,398
hou4,hou,x,,ə,u,xou,hòu,hou4,hou,4,unknown,False,common,234,398
hou5,hou,x,,ə,u,xou,hou,hou5,hou,5,unknown,False,common,234,398
hen1,hen,x,,ə,n,xən,hēn,hen1,hen,1,unknown,False,common,235,399
hen2,hen,x,,ə,n,xən,hén,hen2,hen,2,unknown,False,common,235,399
hen3,hen,x,,ə,n,xən,hěn,hen3,hen,3,unknown,False,common,235,399
hen4,hen,x,,ə,n,xən,hèn,hen4,hen,4,unknown,False,common,235,399
hen5,hen,x,,ə,n,xən,hen,hen5,hen,5,unknown,False,common,235,399
heng1,heng,x,,ə,ŋ,xəŋ,hēng,heng1,heng,1,unknown,False,common,236,400
heng2,heng,x,,ə,ŋ,xəŋ,héng,heng2,heng,2,unknown,False,common,236,400
heng3,heng,x,,ə,ŋ,xəŋ,hěng,heng3,heng,3,unknown,False,common,236,400
heng4,heng,x,,ə,ŋ,xəŋ,hèng,heng4,heng,4,unknown,False,common,236,400
heng5,heng,x,,ə,ŋ,xəŋ,heng,heng5,heng,5,unknown,False,common,236,400
ha1,ha,x,,a,,xa,hā,ha1,ha,1,unknown,True,rare,237,401
ha2,ha,x,,a,,xa,há,ha2,ha,2,unknown,True,rare,237,401
ha3,ha,x,,a,,xa,hǎ,ha3,ha,3,unknown,True,rare,237,401
ha4,ha,x,,a,,xa,hà,ha4,ha,4,unknown,True,rare,237,401
ha5,ha,x,,a,,xa,ha,ha5,ha,5,unknown,True,rare,237,401
hai1,hai,x,,a,i,xai,hāi,hai1,hai,1,unknown,False,common,238,402
hai2,hai,x,,a,i,xai,hái,hai2,hai,2,unknown,False,common,238,402
hai3,hai,x,,a,i,xai,hǎi,hai3,hai,3,unknown,False,common,238,402
hai4,hai,x,,a,i,xai,hài,hai4,hai,4,unknown,False,common,238,402
hai5,hai,x,,a,i,xai,hai,hai5,hai,5,unknown,False,common,238,402
hao1,hao,x,,a,u,xau,hāo,hao1,hao,1,unknown,False,common,239,403
hao2,hao,x,,a,u,xau,háo,hao2,hao,2,unknown,False,common,239,403
hao3,hao,x,,a,u,xau,hǎo,hao3,hao,3,unknown,False,common,239,403
hao4,hao,x,,a,u,xau,hào,hao4,hao,4,unknown,False,common,239,403
hao5,hao,x,,a,u,xau,hao,hao5,hao,5,unknown,False,common,239,403
han1,han,x,,a,n,xan,hān,han1,han,1,unknown,False,common,240,404
han2,han,x,,a,n,xan,hán,han2,han,2,unknown,False,common,240,404
han3,han,x,,a,n,xan,hǎn,han3,han,3,unknown,False,common,240,404
han4,han,x,,a,n,xan,hàn,han4,han,4,unknown,False,common,240,404
han5,han,x,,a,n,xan,han,han5,han,5,unknown,False,common,240,404
hang1,hang,x,,a,ŋ,xaŋ,hāng,hang1,hang,1,unknown,False,common,241,405
hang2,hang,x,,a,ŋ,xaŋ,háng,hang2,hang,2,unknown,False,common,241,405
hang3,hang,x,,a,ŋ,xaŋ,hǎng,hang3,hang,3,unknown,False,common,241,405
hang4,hang,x,,a,ŋ,xaŋ,hàng,hang4,hang,4,unknown,False,common,241,405
hang5,hang,x,,a,ŋ,xaŋ,hang,hang5,hang,5,unknown,False,common,241,405
huo1,huo,x,w,ə,,xuo,huō,huo1,huo,1,unknown,False,common,242,413
huo2,huo,x,w,ə,,xuo,huó,huo2,huo,2,unknown,False,common,242,413
huo3,huo,x,w,ə,,xuo,huǒ,huo3,huo,3,unknown,False,common,242,413
huo4,huo,x,w,ə,,xuo,huò,huo4,huo,4,unknown,False,common,242,413
huo5,huo,x,w,ə,,xuo,huo,huo5,huo,5,unknown,False,common,242,413
hui1,hui,x,w,ə,i,xuei,huī,hui1,hui,1,unknown,False,common,243,414
hui2,hui,x,w,ə,i,xuei,huí,hui2,hui,2,unknown,False,common,243,414
hui3,hui,x,w,ə,i,xuei,huǐ,hui3,hui,3,unknown,False,common,243,414
hui4,hui,x,w,ə,i,xuei,huì,hui4,hui,4,unknown,False,common,243,414
hui5,hui,x,w,ə,i,xuei,hui,hui5,hui,5,unknown,False,common,243,414
hun1,hun,x,w,ə,n,xuən,hūn,hun1,hun,1,unknown,False,common,244,415
hun2,hun,x,w,ə,n,xuən,hún,hun2,hun,2,unknown,False,common,244,415
hun3,hun,x,w,ə,n,xuən,hǔn,hun3,hun,3,unknown,False,common,244,415
hun4,hun,x,w,ə,n,xuən,hùn,hun4,hun,4,unknown,False,common,244,415
hun5,hun,x,w,ə,n,xuən,hun,hun5,hun,5,unknown,False,common,244,415
hua1,hua,x,w,a,,xua,huā,hua1,hua,1,unknown,False,common,245,417
hua2,hua,x,w,a,,xua,huá,hua2,hua,2,unknown,False,common,245,417
hua3,hua,x,w,a,,xua,huǎ,hua3,hua,3,unknown,False,common,245,417
hua4,hua,x,w,a,,xua,huà,hua4,hua,4,unknown,False,common,245,417
hua5,hua,x,w,a,,xua,hua,hua5,hua,5,unknown,False,common,245,417
huai1,huai,x,w,a,i,xuai,huāi,huai1,huai,1,unknown,False,common,246,418
huai2,huai,x,w,a,i,xuai,huái,huai2,huai,2,unknown,False,common,246,418
huai3,huai,x,w,a,i,xuai,huǎi,huai3,huai,3,unknown,False,common,246,418
huai4,huai,x,w,a,i,xuai,huài,huai4,huai,4,unknown,False,common,246,418
huai5,huai,x,w,a,i,xuai,huai,huai5,huai,5,unknown,False,common,246,418
huan1,huan,x,w,a,n,xuan,huān,huan1,huan,1,unknown,False,common,247,419
huan2,huan,x,w,a,n,xuan,huán,huan2,huan,2,unknown,False,common,247,419
huan3,huan,x,w,a,n,xuan,huǎn,huan3,huan,3,unknown,False,common,247,419
huan4,huan,x,w,a,n,xuan,huàn,huan4,huan,4,unknown,False,common,247,419
huan5,huan,x,w,a,n,xuan,huan,huan5,huan,5,unknown,False,common,247,419
huang1,huang,x,w,a,ŋ,xuaŋ,huāng,huang1,huang,1,unknown,False,common,248,420
huang2,huang,x,w,a,ŋ,xuaŋ,huáng,huang2,huang,2,unknown,False,common,248,420
huang3,huang,x,w,a,ŋ,xuaŋ,huǎng,huang3,huang,3,unknown,False,common,248,420
huang4,huang,x,w,a,ŋ,xuaŋ,huàng,huang4,huang,4,unknown,False,common,248,420
huang5,huang,x,w,a,ŋ,xuaŋ,huang,huang5,huang,5,unknown,False,common,248,420
ji1,ji,t͡ɕ,,i,,t͡ɕi,jī,ji1,ji,1,unknown,False,common,249,424
ji2,ji,t͡ɕ,,i,,t͡ɕi,jí,ji2,ji,2,unknown,False,common,249,424
ji3,ji,t͡ɕ,,i,,t͡ɕi,jǐ,ji3,ji,3,unknown,False,common,249,424
ji4,ji,t͡ɕ,,i,,t͡ɕi,jì,ji4,ji,4,unknown,False,common,249,424
ji5,ji,t͡ɕ,,i,,t͡ɕi,ji,ji5,ji,5,unknown,False,common,249,424
jin1,jin,t͡ɕ,,i,n,t͡ɕin,jīn,jin1,jin,1,unknown,False,common,250,425
jin2,jin,t͡ɕ,,i,n,t͡ɕin,jín,jin2,jin,2,unknown,False,common,250,425
jin3,jin,t͡ɕ,,i,n,t͡ɕin,jǐn,jin3,jin,3,unknown,False,common,250,425
jin4,jin,t͡ɕ,,i,n,t͡ɕin,jìn,jin4,jin,4,unknown,False,common,250,425
jin5,jin,t͡ɕ,,i,n,t͡ɕin,jin,jin5,jin,5,unknown,False,common,250,425
jing1,jing,t͡ɕ,,i,ŋ,t͡ɕiŋ,jīng,jing1,jing,1,unknown,False,common,251,426
jing2,jing,t͡ɕ,,i,ŋ,t͡ɕiŋ,jíng,jing2,jing,2,unknown,False,common,251,426
jing3,jing,t͡ɕ,,i,ŋ,t͡ɕiŋ,jǐng,jing3,jing,3,unknown,False,common,251,426
jing4,jing,t͡ɕ,,i,ŋ,t͡ɕiŋ,jìng,jing4,jing,4,unknown,False,common,251,426
jing5,jing,t͡ɕ,,i,ŋ,t͡ɕiŋ,jing,jing5,jing,5,unknown,False,common,251,426
ju1,ju,t͡ɕ,,u,,t͡ɕu,jū,ju1,ju,1,unknown,False,common,252,427
ju2,ju,t͡ɕ,,u,,t͡ɕu,jú,ju2,ju,2,unknown,False,common,252,427
ju3,ju,t͡ɕ,,u,,t͡ɕu,jǔ,ju3,ju,3,unknown,False,common,252,427
ju4,ju,t͡ɕ,,u,,t͡ɕu,jù,ju4,ju,4,unknown,False,common,252,427
ju5,ju,t͡ɕ,,u,,t͡ɕu,ju,ju5,ju,5,unknown,False,common,252,427
jv1,jv,t͡ɕ,,y,,t͡ɕy,jū,ju1,jv,1,unknown,False,common,253,429
jv2,jv,t͡ɕ,,y,,t͡ɕy,jú,ju2,jv,2,unknown,False,common,253,429
jv3,jv,t͡ɕ,,y,,t͡ɕy,jǔ,ju3,jv,3,unknown,False,common,253,429
jv4,jv,t͡ɕ,,y,,t͡ɕy,jù,ju4,jv,4,unknown,False,common,253,429
jv5,jv,t͡ɕ,,y,,t͡ɕy,ju,ju5,jv,5,unknown,False,common,253,429
jvn1,jvn,t͡ɕ,,y,n,t͡ɕyn,jūn,jun1,jvn,1,unknown,False,common,254,430
jvn2,jvn,t͡ɕ,,y,n,t͡ɕyn,jún,jun2,jvn,2,unknown,False,common,254,430
jvn3,jvn,t͡ɕ,,y,n,t͡ɕyn,jǔn,jun3,jvn,3,unknown,False,common,254,430
jvn4,jvn,t͡ɕ,,y,n,t͡ɕyn,jùn,jun4,jvn,4,unknown,False,common,254,430
jvn5,jvn,t͡ɕ,,y,n,t͡ɕyn,jun,jun5,jvn,5,unknown,False,common,254,430
jiong1,jiong,t͡ɕ,j,u,ŋ,t͡ɕjuŋ,jiōng,jiong1,jiong,1,unknown,True,rare,255,441
jiong2,jiong,t͡ɕ,j,u,ŋ,t͡ɕjuŋ,jióng,jiong2,jiong,2,unknown,True,rare,255,441
jiong3,jiong,t͡ɕ,j,u,ŋ,t͡ɕjuŋ,jiǒng,jiong3,jiong,3,unknown,True,rare,255,441
jiong4,jiong,t͡ɕ,j,u,ŋ,t͡ɕjuŋ,jiòng,jiong4,jiong,4,unknown,True,rare,255,441
jiong5,jiong,t͡ɕ,j,u,ŋ,t͡ɕjuŋ,jiong,jiong5,jiong,5,unknown,True,rare,255,441
jie1,jie,t͡ɕ,j,ə,,t͡ɕjɛ,jiē,jie1,jie,1,unknown,False,common,256,442
jie2,jie,t͡ɕ,j,ə,,t͡ɕjɛ,jié,jie2,jie,2,unknown,False,common,256,442
jie3,jie,t͡ɕ,j,ə,,t͡ɕjɛ,jiě,jie3,jie,3,unknown,False,common,256,442
jie4,jie,t͡ɕ,j,ə,,t͡ɕjɛ,jiè,jie4,jie,4,unknown,False,common,256,442
jie5,jie,t͡ɕ,j,ə,,t͡ɕjɛ,jie,jie5,jie,5,unknown,False,common,256,442
jiu1,jiu,t͡ɕ,j,ə,u,t͡ɕjou,jiū,jiu1,jiu,1,unknown,False,common,257,443
jiu2,jiu,t͡ɕ,j,ə,u,t͡ɕjou,jiú,jiu2,jiu,2,unknown,False,common,257,443
jiu3,jiu,t͡ɕ,j,ə,u,t͡ɕjou,jiǔ,jiu3,jiu,3,unknown,False,common,257,443
jiu4,jiu,t͡ɕ,j,ə,u,t͡ɕjou,jiù,jiu4,jiu,4,unknown,False,common,257,443
jiu5,jiu,t͡ɕ,j,ə,u,t͡ɕjou,jiu,jiu5,jiu,5,unknown,False,common,257,443
jia1,jia,t͡ɕ,j,a,,t͡ɕja,jiā,jia1,jia,1,unknown,False,common,258,444
jia2,jia,t͡ɕ,j,a,,t͡ɕja,jiá,jia2,jia,2,unknown,False,common,258,444
jia3,jia,t͡ɕ,j,a,,t͡ɕja,jiǎ,jia3,jia,3,unknown,False,common,258,444
jia4,jia,t͡ɕ,j,a,,t͡ɕja,jià,jia4,jia,4,unknown,False,common,258,444
jia5,jia,t͡ɕ,j,a,,t͡ɕja,jia,jia5,jia,5,unknown,False,common,258,444
jiao1,jiao,t͡ɕ,j,a,u,t͡ɕjau,jiāo,jiao1,jiao,1,unknown,False,common,259,445
jiao2,jiao,t͡ɕ,j,a,u,t͡ɕjau,jiáo,jiao2,jiao,2,unknown,False,common,259,445
jiao3,jiao,t͡ɕ,j,a,u,t͡ɕjau,jiǎo,jiao3,jiao,3,unknown,False,common,259,445
jiao4,jiao,t͡ɕ,j,a,u,t͡ɕjau,jiào,jiao4,jiao,4,unknown,False,common,259,445
jiao5,jiao,t͡ɕ,j,a,u,t͡ɕjau,jiao,jiao5,jiao,5,unknown,False,common,259,445
jian1,jian,t͡ɕ,j,a,n,t͡ɕjɛn,jiān,jian1,jian,1,unknown,False,common,260,446
jian2,jian,t͡ɕ,j,a,n,t͡ɕjɛn,jián,jian2,jian,2,unknown,False,common,260,446
jian3,jian,t͡ɕ,j,a,n,t͡ɕjɛn,jiǎn,jian3,jian,3,unknown,False,common,260,446
jian4,jian,t͡ɕ,j,a,n,t͡ɕjɛn,jiàn,jian4,jian,4,unknown,False,common,260,446
jian5,jian,t͡ɕ,j,a,n,t͡ɕjɛn,jian,jian5,jian,5,unknown,False,common,260,446
jiang1,jiang,t͡ɕ,j,a,ŋ,t͡ɕjaŋ,jiāng,jiang1,jiang,1,unknown,False,common,261,447
jiang2,jiang,t͡ɕ,j,a,ŋ,t͡ɕjaŋ,jiáng,jiang2,jiang,2,unknown,False,common,261,447
jiang3,jiang,t͡ɕ,j,a,ŋ,t͡ɕjaŋ,jiǎng,jiang3,jiang,3,unknown,False,common,261,447
jiang4,jiang,t͡ɕ,j,a,ŋ,t͡ɕjaŋ,jiàng,jiang4,jiang,4,unknown,False,common,261,447
jiang5,jiang,t͡ɕ,j,a,ŋ,t͡ɕjaŋ,jiang,jiang5,jiang,5,unknown,False,common,261,447
jun1,jun,t͡ɕ,w,ə,n,t͡ɕuən,jūn,jun1,jun,1,unknown,False,common,262,450
jun2,jun,t͡ɕ,w,ə,n,t͡ɕuən,jún,jun2,jun,2,unknown,False,common,262,450
jun3,jun,t͡ɕ,w,ə,n,t͡ɕuən,jǔn,jun3,jun,3,unknown,False,common,262,450
jun4,jun,t͡ɕ,w,ə,n,t͡ɕuən,jùn,jun4,jun,4,unknown,False,common,262,450
jun5,jun,t͡ɕ,w,ə,n,t͡ɕuən,jun,jun5,jun,5,unknown,False,common,262,450
juan1,juan,t͡ɕ,w,a,n,t͡ɕuan,juān,juan1,juan,1,unknown,False,common,263,454
juan2,juan,t͡ɕ,w,a,n,t͡ɕuan,juán,juan2,juan,2,unknown,False,common,263,454
juan3,juan,t͡ɕ,w,a,n,t͡ɕuan,juǎn,juan3,juan,3,unknown,False,common,263,454
juan4,juan,t͡ɕ,w,a,n,t͡ɕuan,juàn,juan4,juan,4,unknown,False,common,263,454
juan5,juan,t͡ɕ,w,a,n,t͡ɕuan,juan,juan5,juan,5,unknown,False,common,263,454
jve1,jve,t͡ɕ,ɥ,ə,,t͡ɕyɛ,juē,jue1,jve,1,unknown,False,common,264,456
jve2,jve,t͡ɕ,ɥ,ə,,t͡ɕyɛ,jué,jue2,jve,2,unknown,False,common,264,456
jve3,jve,t͡ɕ,ɥ,ə,,t͡ɕyɛ,juě,jue3,jve,3,unknown,False,common,264,456
jve4,jve,t͡ɕ,ɥ,ə,,t͡ɕyɛ,juè,jue4,jve,4,unknown,False,common,264,456
jve5,jve,t͡ɕ,ɥ,ə,,t͡ɕyɛ,jue,jue5,jve,5,unknown,False,common,264,456
jvan1,jvan,t͡ɕ,ɥ,a,n,t͡ɕyɛn,juān,juan1,jvan,1,unknown,False,common,265,457
jvan2,jvan,t͡ɕ,ɥ,a,n,t͡ɕyɛn,juán,juan2,jvan,2,unknown,False,common,265,457
jvan3,jvan,t͡ɕ,ɥ,a,n,t͡ɕyɛn,juǎn,juan3,jvan,3,unknown,False,common,265,457
jvan4,jvan,t͡ɕ,ɥ,a,n,t͡ɕyɛn,juàn,juan4,jvan,4,unknown,False,common,265,457
jvan5,jvan,t͡ɕ,ɥ,a,n,t͡ɕyɛn,juan,juan5,jvan,5,unknown,False,common,265,457
qi1,qi,t͡ɕʰ,,i,,t͡ɕʰi,qī,qi1,qi,1,unknown,False,common,266,459
qi2,qi,t͡ɕʰ,,i,,t͡ɕʰi,qí,qi2,qi,2,unknown,False,common,266,459
qi3,qi,t͡ɕʰ,,i,,t͡ɕʰi,qǐ,qi3,qi,3,unknown,False,common,266,459
qi4,qi,t͡ɕʰ,,i,,t͡ɕʰi,qì,qi4,qi,4,unknown,False,common,266,459
qi5,qi,t͡ɕʰ,,i,,t͡ɕʰi,qi,qi5,qi,5,unknown,False,common,266,459
qin1,qin,t͡ɕʰ,,i,n,t͡ɕʰin,qīn,qin1,qin,1,unknown,False,common,267,460
qin2,qin,t͡ɕʰ,,i,n,t͡ɕʰin,qín,qin2,qin,2,unknown,False,common,267,460
qin3,qin,t͡ɕʰ,,i,n,t͡ɕʰin,qǐn,qin3,qin,3,unknown,False,common,267,460
qin4,qin,t͡ɕʰ,,i,n,t͡ɕʰin,qìn,qin4,qin,4,unknown,False,common,267,460
qin5,qin,t͡ɕʰ,,i,n,t͡ɕʰin,qin,qin5,qin,5,unknown,False,common,267,460
qing1,qing,t͡ɕʰ,,i,ŋ,t͡ɕʰiŋ,qīng,qing1,qing,1,unknown,False,common,268,461
qing2,qing,t͡ɕʰ,,i,ŋ,t͡ɕʰiŋ,qíng,qing2,qing,2,unknown,False,common,268,461
qing3,qing,t͡ɕʰ,,i,ŋ,t͡ɕʰiŋ,qǐng,qing3,qing,3,unknown,False,common,268,461
qing4,qing,t͡ɕʰ,,i,ŋ,t͡ɕʰiŋ,qìng,qing4,qing,4,unknown,False,common,268,461
qing5,qing,t͡ɕʰ,,i,ŋ,t͡ɕʰiŋ,qing,qing5,qing,5,unknown,False,common,268,461
qu1,qu,t͡ɕʰ,,u,,t͡ɕʰu,qū,qu1,qu,1,unknown,False,common,269,462
qu2,qu,t͡ɕʰ,,u,,t͡ɕʰu,qú,qu2,qu,2,unknown,False,common,269,462
qu3,qu,t͡ɕʰ,,u,,t͡ɕʰu,qǔ,qu3,qu,3,unknown,False,common,269,462
qu4,qu,t͡ɕʰ,,u,,t͡ɕʰu,qù,qu4,qu,4,unknown,False,common,269,462
qu5,qu,t͡ɕʰ,,u,,t͡ɕʰu,qu,qu5,qu,5,unknown,False,common,269,462
qv1,qv,t͡ɕʰ,,y,,t͡ɕʰy,qū,qu1,qv,1,unknown,False,common,270,464
qv2,qv,t͡ɕʰ,,y,,t͡ɕʰy,qú,qu2,qv,2,unknown,False,common,270,464
qv3,qv,t͡ɕʰ,,y,,t͡ɕʰy,qǔ,qu3,qv,3,unknown,False,common,270,464
qv4,qv,t͡ɕʰ,,y,,t͡ɕʰy,qù,qu4,qv,4,unknown,False,common,270,464
qv5,qv,t͡ɕʰ,,y,,t͡ɕʰy,qu,qu5,qv,5,unknown,False,common,270,464
qvn1,qvn,t͡ɕʰ,,y,n,t͡ɕʰyn,qūn,qun1,qvn,1,unknown,True,rare,271,465
qvn2,qvn,t͡ɕʰ,,y,n,t͡ɕʰyn,qún,qun2,qvn,2,unknown,True,rare,271,465
qvn3,qvn,t͡ɕʰ,,y,n,t͡ɕʰyn,qǔn,qun3,qvn,3,unknown,True,rare,271,465
qvn4,qvn,t͡ɕʰ,,y,n,t͡ɕʰyn,qùn,qun4,qvn,4,unknown,True,rare,271,465
qvn5,qvn,t͡ɕʰ,,y,n,t͡ɕʰyn,qun,qun5,qvn,5,unknown,True,rare,271,465
qiong1,qiong,t͡ɕʰ,j,u,ŋ,t͡ɕʰjuŋ,qiōng,qiong1,qiong,1,unknown,True,rare,272,476
qiong2,qiong,t͡ɕʰ,j,u,ŋ,t͡ɕʰjuŋ,qióng,qiong2,qiong,2,unknown,True,rare,272,476
qiong3,qiong,t͡ɕʰ,j,u,ŋ,t͡ɕʰjuŋ,qiǒng,qiong3,qiong,3,unknown,True,rare,272,476
qiong4,qiong,t͡ɕʰ,j,u,ŋ,t͡ɕʰjuŋ,qiòng,qiong4,qiong,4,unknown,True,rare,272,476
qiong5,qiong,t͡ɕʰ,j,u,ŋ,t͡ɕʰjuŋ,qiong,qiong5,qiong,5,unknown,True,rare,272,476
qie1,qie,t͡ɕʰ,j,ə,,t͡ɕʰjɛ,qiē,qie1,qie,1,unknown,False,common,273,477
qie2,qie,t͡ɕʰ,j,ə,,t͡ɕʰjɛ,qié,qie2,qie,2,unknown,False,common,273,477
qie3,qie,t͡ɕʰ,j,ə,,t͡ɕʰjɛ,qiě,qie3,qie,3,unknown,False,common,273,477
qie4,qie,t͡ɕʰ,j,ə,,t͡ɕʰjɛ,qiè,qie4,qie,4,unknown,False,common,273,477
qie5,qie,t͡ɕʰ,j,ə,,t͡ɕʰjɛ,qie,qie5,qie,5,unknown,False,common,273,477
qiu1,qiu,t͡ɕʰ,j,ə,u,t͡ɕʰjou,qiū,qiu1,qiu,1,unknown,False,common,274,478
qiu2,qiu,t͡ɕʰ,j,ə,u,t͡ɕʰjou,qiú,qiu2,qiu,2,unknown,False,common,274,478
qiu3,qiu,t͡ɕʰ,j,ə,u,t͡ɕʰjou,qiǔ,qiu3,qiu,3,unknown,False,common,274,478
qiu4,qiu,t͡ɕʰ,j,ə,u,t͡ɕʰjou,qiù,qiu4,qiu,4,unknown,False,common,274,478
qiu5,qiu,t͡ɕʰ,j,ə,u,t͡ɕʰjou,qiu,qiu5,qiu,5,unknown,False,common,274,478
qia1,qia,t͡ɕʰ,j,a,,t͡ɕʰja,qiā,qia1,qia,1,unknown,False,common,275,479
qia2,qia,t͡ɕʰ,j,a,,t͡ɕʰja,qiá,qia2,qia,2,unknown,False,common,275,479
qia3,qia,t͡ɕʰ,j,a,,t͡ɕʰja,qiǎ,qia3,qia,3,unknown,False,common,275,479
qia4,qia,t͡ɕʰ,j,a,,t͡ɕʰja,qià,qia4,qia,4,unknown,False,common,275,479
qia5,qia,t͡ɕʰ,j,a,,t͡ɕʰja,qia,qia5,qia,5,unknown,False,common,275,479
qiao1,qiao,t͡ɕʰ,j,a,u,t͡ɕʰjau,qiāo,qiao1,qiao,1,unknown,False,common,276,480
qiao2,qiao,t͡ɕʰ,j,a,u,t͡ɕʰjau,qiáo,qiao2,qiao,2,unknown,False,common,276,480
qiao3,qiao,t͡ɕʰ,j,a,u,t͡ɕʰjau,qiǎo,qiao3,qiao,3,unknown,False,common,276,480
qiao4,qiao,t͡ɕʰ,j,a,u,t͡ɕʰjau,qiào,qiao4,qiao,4,unknown,False,common,276,480
qiao5,qiao,t͡ɕʰ,j,a,u,t͡ɕʰjau,qiao,qiao5,qiao,5,unknown,False,common,276,480
qian1,qian,t͡ɕʰ,j,a,n,t͡ɕʰjɛn,qiān,qian1,qian,1,unknown,False,common,277,481
qian2,qian,t͡ɕʰ,j,a,n,t͡ɕʰjɛn,qián,qian2,qian,2,unknown,False,common,277,481
qian3,qian,t͡ɕʰ,j,a,n,t͡ɕʰjɛn,qiǎn,qian3,qian,3,unknown,False,common,277,481
qian4,qian,t͡ɕʰ,j,a,n,t͡ɕʰjɛn,qiàn,qian4,qian,4,unknown,False,common,277,481
qian5,qian,t͡ɕʰ,j,a,n,t͡ɕʰjɛn,qian,qian5,qian,5,unknown,False,common,277,481
qiang1,qiang,t͡ɕʰ,j,a,ŋ,t͡ɕʰjaŋ,qiāng,qiang1,qiang,1,unknown,False,common,278,482
qiang2,qiang,t͡ɕʰ,j,a,ŋ,t͡ɕʰjaŋ,qiáng,qiang2,qiang,2,unknown,False,common,278,482
qiang3,qiang,t͡ɕʰ,j,a,ŋ,t͡ɕʰjaŋ,qiǎng,qiang3,qiang,3,unknown,False,common,278,482
qiang4,qiang,t͡ɕʰ,j,a,ŋ,t͡ɕʰjaŋ,qiàng,qiang4,qiang,4,unknown,False,common,278,482
qiang5,qiang,t͡ɕʰ,j,a,ŋ,t͡ɕʰjaŋ,qiang,qiang5,qiang,5,unknown,False,common,278,482
qun1,qun,t͡ɕʰ,w,ə,n,t͡ɕʰuən,qūn,qun1,qun,1,unknown,True,rare,279,485
qun2,qun,t͡ɕʰ,w,ə,n,t͡ɕʰuən,qún,qun2,qun,2,unknown,True,rare,279,485
qun3,qun,t͡ɕʰ,w,ə,n,t͡ɕʰuən,qǔn,qun3,qun,3,unknown,True,rare,279,485
qun4,qun,t͡ɕʰ,w,ə,n,t͡ɕʰuən,qùn,qun4,qun,4,unknown,True,rare,279,485
qun5,qun,t͡ɕʰ,w,ə,n,t͡ɕʰuən,qun,qun5,qun,5,unknown,True,rare,279,485
quan1,quan,t͡ɕʰ,w,a,n,t͡ɕʰuan,quān,quan1,quan,1,unknown,False,common,280,489
quan2,quan,t͡ɕʰ,w,a,n,t͡ɕʰuan,quán,quan2,quan,2,unknown,False,common,280,489
quan3,quan,t͡ɕʰ,w,a,n,t͡ɕʰuan,quǎn,quan3,quan,3,unknown,False,common,280,489
quan4,quan,t͡ɕʰ,w,a,n,t͡ɕʰuan,quàn,quan4,quan,4,unknown,False,common,280,489
quan5,quan,t͡ɕʰ,w,a,n,t͡ɕʰuan,quan,quan5,quan,5,unknown,False,common,280,489
qve1,qve,t͡ɕʰ,ɥ,ə,,t͡ɕʰyɛ,quē,que1,qve,1,unknown,False,common,281,491
qve2,qve,t͡ɕʰ,ɥ,ə,,t͡ɕʰyɛ,qué,que2,qve,2,unknown,False,common,281,491
qve3,qve,t͡ɕʰ,ɥ,ə,,t͡ɕʰyɛ,quě,que3,qve,3,unknown,False,common,281,491
qve4,qve,t͡ɕʰ,ɥ,ə,,t͡ɕʰyɛ,què,que4,qve,4,unknown,False,common,281,491
qve5,qve,t͡ɕʰ,ɥ,ə,,t͡ɕʰyɛ,que,que5,qve,5,unknown,False,common,281,491
qvan1,qvan,t͡ɕʰ,ɥ,a,n,t͡ɕʰyɛn,quān,quan1,qvan,1,unknown,False,common,282,492
qvan2,qvan,t͡ɕʰ,ɥ,a,n,t͡ɕʰyɛn,quán,quan2,qvan,2,unknown,False,common,282,492
qvan3,qvan,t͡ɕʰ,ɥ,a,n,t͡ɕʰyɛn,quǎn,quan3,qvan,3,unknown,False,common,282,492
qvan4,qvan,t͡ɕʰ,ɥ,a,n,t͡ɕʰyɛn,quàn,quan4,qvan,4,unknown,False,common,282,492
qvan5,qvan,t͡ɕʰ,ɥ,a,n,t͡ɕʰyɛn,quan,quan5,qvan,5,unknown,False,common,282,492
xi1,xi,ɕ,,i,,ɕi,xī,xi1,xi,1,unknown,False,common,283,494
xi2,xi,ɕ,,i,,ɕi,xí,xi2,xi,2,unknown,False,common,283,494
xi3,xi,ɕ,,i,,ɕi,xǐ,xi3,xi,3,unknown,False,common,283,494
xi4,xi,ɕ,,i,,ɕi,xì,xi4,xi,4,unknown,False,common,283,494
xi5,xi,ɕ,,i,,ɕi,xi,xi5,xi,5,unknown,False,common,283,494
xin1,xin,ɕ,,i,n,ɕin,xīn,xin1,xin,1,unknown,False,common,284,495
xin2,xin,ɕ,,i,n,ɕin,xín,xin2,xin,2,unknown,False,common,284,495
xin3,xin,ɕ,,i,n,ɕin,xǐn,xin3,xin,3,unknown,False,common,284,495
xin4,xin,ɕ,,i,n,ɕin,xìn,xin4,xin,4,unknown,False,common,284,495
xin5,xin,ɕ,,i,n,ɕin,xin,xin5,xin,5,unknown,False,common,284,495
xing1,xing,ɕ,,i,ŋ,ɕiŋ,xīng,xing1,xing,1,unknown,False,common,285,496
xing2,xing,ɕ,,i,ŋ,ɕiŋ,xíng,xing2,xing,2,unknown,False,common,285,496
xing3,xing,ɕ,,i,ŋ,ɕiŋ,xǐng,xing3,xing,3,unknown,False,common,285,496
xing4,xing,ɕ,,i,ŋ,ɕiŋ,xìng,xing4,xing,4,unknown,False,common,285,496
xing5,xing,ɕ,,i,ŋ,ɕiŋ,xing,xing5,xing,5,unknown,False,common,285,496
xu1,xu,ɕ,,u,,ɕu,xū,xu1,xu,1,unknown,False,common,286,497
xu2,xu,ɕ,,u,,ɕu,xú,xu2,xu,2,unknown,False,common,286,497
xu3,xu,ɕ,,u,,ɕu,xǔ,xu3,xu,3,unknown,False,common,286,497
xu4,xu,ɕ,,u,,ɕu,xù,xu4,xu,4,unknown,False,common,286,497
xu5,xu,ɕ,,u,,ɕu,xu,xu5,xu,5,unknown,False,common,286,497
xv1,xv,ɕ,,y,,ɕy,xū,xu1,xv,1,unknown,False,common,287,499
xv2,xv,ɕ,,y,,ɕy,xú,xu2,xv,2,unknown,False,common,287,499
xv3,xv,ɕ,,y,,ɕy,xǔ,xu3,xv,3,unknown,False,common,287,499
xv4,xv,ɕ,,y,,ɕy,xù,xu4,xv,4,unknown,False,common,287,499
xv5,xv,ɕ,,y,,ɕy,xu,xu5,xv,5,unknown,False,common,287,499
xvn1,xvn,ɕ,,y,n,ɕyn,xūn,xun1,xvn,1,unknown,False,common,288,500
xvn2,xvn,ɕ,,y,n,ɕyn,xún,xun2,xvn,2,unknown,False,common,288,500
xvn3,xvn,ɕ,,y,n,ɕyn,xǔn,xun3,xvn,3,unknown,False,common,288,500
xvn4,xvn,ɕ,,y,n,ɕyn,xùn,xun4,xvn,4,unknown,False,common,288,500
xvn5,xvn,ɕ,,y,n,ɕyn,xun,xun5,xvn,5,unknown,False,common,288,500
xiong1,xiong,ɕ,j,u,ŋ,ɕjuŋ,xiōng,xiong1,xiong,1,unknown,False,common,289,511
xiong2,xiong,ɕ,j,u,ŋ,ɕjuŋ,xióng,xiong2,xiong,2,unknown,False,common,289,511
xiong3,xiong,ɕ,j,u,ŋ,ɕjuŋ,xiǒng,xiong3,xiong,3,unknown,False,common,289,511
xiong4,xiong,ɕ,j,u,ŋ,ɕjuŋ,xiòng,xiong4,xiong,4,unknown,False,common,289,511
xiong5,xiong,ɕ,j,u,ŋ,ɕjuŋ,xiong,xiong5,xiong,5,unknown,False,common,289,511
xie1,xie,ɕ,j,ə,,ɕjɛ,xiē,xie1,xie,1,unknown,False,common,290,512
xie2,xie,ɕ,j,ə,,ɕjɛ,xié,xie2,xie,2,unknown,False,common,290,512
xie3,xie,ɕ,j,ə,,ɕjɛ,xiě,xie3,xie,3,unknown,False,common,290,512
xie4,xie,ɕ,j,ə,,ɕjɛ,xiè,xie4,xie,4,unknown,False,common,290,512
xie5,xie,ɕ,j,ə,,ɕjɛ,xie,xie5,xie,5,unknown,False,common,290,512
xiu1,xiu,ɕ,j,ə,u,ɕjou,xiū,xiu1,xiu,1,unknown,False,common,291,513
xiu2,xiu,ɕ,j,ə,u,ɕjou,xiú,xiu2,xiu,2,unknown,False,common,291,513
xiu3,xiu,ɕ,j,ə,u,ɕjou,xiǔ,xiu3,xiu,3,unknown,False,common,291,513
xiu4,xiu,ɕ,j,ə,u,ɕjou,xiù,xiu4,xiu,4,unknown,False,common,291,513
xiu5,xiu,ɕ,j,ə,u,ɕjou,xiu,xiu5,xiu,5,unknown,False,common,291,513
xia1,xia,ɕ,j,a,,ɕja,xiā,xia1,xia,1,unknown,False,common,292,514
xia2,xia,ɕ,j,a,,ɕja,xiá,xia2,xia,2,unknown,False,common,292,514
xia3,xia,ɕ,j,a,,ɕja,xiǎ,xia3,xia,3,unknown,False,common,292,514
xia4,xia,ɕ,j,a,,ɕja,xià,xia4,xia,4,unknown,False,common,292,514
xia5,xia,ɕ,j,a,,ɕja,xia,xia5,xia,5,unknown,False,common,292,514
xiao1,xiao,ɕ,j,a,u,ɕjau,xiāo,xiao1,xiao,1,unknown,False,common,293,515
xiao2,xiao,ɕ,j,a,u,ɕjau,xiáo,xiao2,xiao,2,unknown,False,common,293,515
xiao3,xiao,ɕ,j,a,u,ɕjau,xiǎo,xiao3,xiao,3,unknown,False,common,293,515
xiao4,xiao,ɕ,j,a,u,ɕjau,xiào,xiao4,xiao,4,unknown,False,common,293,515
xiao5,xiao,ɕ,j,a,u,ɕjau,xiao,xiao5,xiao,5,unknown,False,common,293,515
xian1,xian,ɕ,j,a,n,ɕjɛn,xiān,xian1,xian,1,unknown,False,common,294,516
xian2,xian,ɕ,j,a,n,ɕjɛn,xián,xian2,xian,2,unknown,False,common,294,516
xian3,xian,ɕ,j,a,n,ɕjɛn,xiǎn,xian3,xian,3,unknown,False,common,294,516
xian4,xian,ɕ,j,a,n,ɕjɛn,xiàn,xian4,xian,4,unknown,False,common,294,516
xian5,xian,ɕ,j,a,n,ɕjɛn,xian,xian5,xian,5,unknown,False,common,294,516
xiang1,xiang,ɕ,j,a,ŋ,ɕjaŋ,xiāng,xiang1,xiang,1,unknown,False,common,295,517
xiang2,xiang,ɕ,j,a,ŋ,ɕjaŋ,xiáng,xiang2,xiang,2,unknown,False,common,295,517
xiang3,xiang,ɕ,j,a,ŋ,ɕjaŋ,xiǎng,xiang3,xiang,3,unknown,False,common,295,517
xiang4,xiang,ɕ,j,a,ŋ,ɕjaŋ,xiàng,xiang4,xiang,4,unknown,False,common,295,517
xiang5,xiang,ɕ,j,a,ŋ,ɕjaŋ,xiang,xiang5,xiang,5,unknown,False,common,295,517
xun1,xun,ɕ,w,ə,n,ɕuən,xūn,xun1,xun,1,unknown,False,common,296,520
xun2,xun,ɕ,w,ə,n,ɕuən,xún,xun2,xun,2,unknown,False,common,296,520
xun3,xun,ɕ,w,ə,n,ɕuən,xǔn,xun3,xun,3,unknown,False,common,296,520
xun4,xun,ɕ,w,ə,n,ɕuən,xùn,xun4,xun,4,unknown,False,common,296,520
xun5,xun,ɕ,w,ə,n,ɕuən,xun,xun5,xun,5,unknown,False,common,296,520
xuan1,xuan,ɕ,w,a,n,ɕuan,xuān,xuan1,xuan,1,unknown,False,common,297,524
xuan2,xuan,ɕ,w,a,n,ɕuan,xuán,xuan2,xuan,2,unknown,False,common,297,524
xuan3,xuan,ɕ,w,a,n,ɕuan,xuǎn,xuan3,xuan,3,unknown,False,common,297,524
xuan4,xuan,ɕ,w,a,n,ɕuan,xuàn,xuan4,xuan,4,unknown,False,common,297,524
xuan5,xuan,ɕ,w,a,n,ɕuan,xuan,xuan5,xuan,5,unknown,False,common,297,524
xve1,xve,ɕ,ɥ,ə,,ɕyɛ,xuē,xue1,xve,1,unknown,False,common,298,526
xve2,xve,ɕ,ɥ,ə,,ɕyɛ,xué,xue2,xve,2,unknown,False,common,298,526
xve3,xve,ɕ,ɥ,ə,,ɕyɛ,xuě,xue3,xve,3,unknown,False,common,298,526
xve4,xve,ɕ,ɥ,ə,,ɕyɛ,xuè,xue4,xve,4,unknown,False,common,298,526
xve5,xve,ɕ,ɥ,ə,,ɕyɛ,xue,xue5,xve,5,unknown,False,common,298,526
xvan1,xvan,ɕ,ɥ,a,n,ɕyɛn,xuān,xuan1,xvan,1,unknown,False,common,299,527
xvan2,xvan,ɕ,ɥ,a,n,ɕyɛn,xuán,xuan2,xvan,2,unknown,False,common,299,527
xvan3,xvan,ɕ,ɥ,a,n,ɕyɛn,xuǎn,xuan3,xvan,3,unknown,False,common,299,527
xvan4,xvan,ɕ,ɥ,a,n,ɕyɛn,xuàn,xuan4,xvan,4,unknown,False,common,299,527
xvan5,xvan,ɕ,ɥ,a,n,ɕyɛn,xuan,xuan5,xvan,5,unknown,False,common,299,527
zhi1,zhi,ʈ͡ʂ,,i,,ʈ͡ʂɻ̩,zhī,zhi1,zhi,1,unknown,False,common,300,529
zhi2,zhi,ʈ͡ʂ,,i,,ʈ͡ʂɻ̩,zhí,zhi2,zhi,2,unknown,False,common,300,529
zhi3,zhi,ʈ͡ʂ,,i,,ʈ͡ʂɻ̩,zhǐ,zhi3,zhi,3,unknown,False,common,300,529
zhi4,zhi,ʈ͡ʂ,,i,,ʈ͡ʂɻ̩,zhì,zhi4,zhi,4,unknown,False,common,300,529
zhi5,zhi,ʈ͡ʂ,,i,,ʈ͡ʂɻ̩,zhi,zhi5,zhi,5,unknown,False,common,300,529
zhu1,zhu,ʈ͡ʂ,,u,,ʈ͡ʂu,zhū,zhu1,zhu,1,unknown,False,common,301,532
zhu2,zhu,ʈ͡ʂ,,u,,ʈ͡ʂu,zhú,zhu2,zhu,2,unknown,False,common,301,532
zhu3,zhu,ʈ͡ʂ,,u,,ʈ͡ʂu,zhǔ,zhu3,zhu,3,unknown,False,common,301,532
zhu4,zhu,ʈ͡ʂ,,u,,ʈ͡ʂu,zhù,zhu4,zhu,4,unknown,False,common,301,532
zhu5,zhu,ʈ͡ʂ,,u,,ʈ͡ʂu,zhu,zhu5,zhu,5,unknown,False,common,301,532
zhong1,zhong,ʈ͡ʂ,,u,ŋ,ʈ͡ʂuŋ,zhōng,zhong1,zhong,1,unknown,False,common,302,533
zhong2,zhong,ʈ͡ʂ,,u,ŋ,ʈ͡ʂuŋ,zhóng,zhong2,zhong,2,unknown,False,common,302,533
zhong3,zhong,ʈ͡ʂ,,u,ŋ,ʈ͡ʂuŋ,zhǒng,zhong3,zhong,3,unknown,False,common,302,533
zhong4,zhong,ʈ͡ʂ,,u,ŋ,ʈ͡ʂuŋ,zhòng,zhong4,zhong,4,unknown,False,common,302,533
zhong5,zhong,ʈ͡ʂ,,u,ŋ,ʈ͡ʂuŋ,zhong,zhong5,zhong,5,unknown,False,common,302,533
zhe1,zhe,ʈ͡ʂ,,ə,,ʈ͡ʂɤ,zhē,zhe1,zhe,1,unknown,False,common,303,536
zhe2,zhe,ʈ͡ʂ,,ə,,ʈ͡ʂɤ,zhé,zhe2,zhe,2,unknown,False,common,303,536
zhe3,zhe,ʈ͡ʂ,,ə,,ʈ͡ʂɤ,zhě,zhe3,zhe,3,unknown,False,common,303,536
zhe4,zhe,ʈ͡ʂ,,ə,,ʈ͡ʂɤ,zhè,zhe4,zhe,4,unknown,False,common,303,536
zhe5,zhe,ʈ͡ʂ,,ə,,ʈ͡ʂɤ,zhe,zhe5,zhe,5,unknown,False,common,303,536
zhei1,zhei,ʈ͡ʂ,,ə,i,ʈ͡ʂei,zhēi,zhei1,zhei,1,unknown,False,common,304,537
zhei2,zhei,ʈ͡ʂ,,ə,i,ʈ͡ʂei,zhéi,zhei2,zhei,2,unknown,False,common,304,537
zhei3,zhei,ʈ͡ʂ,,ə,i,ʈ͡ʂei,zhěi,zhei3,zhei,3,unknown,False,common,304,537
zhei4,zhei,ʈ͡ʂ,,ə,i,ʈ͡ʂei,zhèi,zhei4,zhei,4,unknown,False,common,304,537
zhei5,zhei,ʈ͡ʂ,,ə,i,ʈ͡ʂei,zhei,zhei5,zhei,5,unknown,False,common,304,537
zhou1,zhou,ʈ͡ʂ,,ə,u,ʈ͡ʂou,zhōu,zhou1,zhou,1,unknown,False,common,305,538
zhou2,zhou,ʈ͡ʂ,,ə,u,ʈ͡ʂou,zhóu,zhou2,zhou,2,unknown,False,common,305,538
zhou3,zhou,ʈ͡ʂ,,ə,u,ʈ͡ʂou,zhǒu,zhou3,zhou,3,unknown,False,common,305,538
zhou4,zhou,ʈ͡ʂ,,ə,u,ʈ͡ʂou,zhòu,zhou4,zhou,4,unknown,False,common,305,538
zhou5,zhou,ʈ͡ʂ,,ə,u,ʈ͡ʂou,zhou,zhou5,zhou,5,unknown,False,common,305,538
zhen1,zhen,ʈ͡ʂ,,ə,n,ʈ͡ʂən,zhēn,zhen1,zhen,1,unknown,False,common,306,539
zhen2,zhen,ʈ͡ʂ,,ə,n,ʈ͡ʂən,zhén,zhen2,zhen,2,unknown,False,common,306,539
zhen3,zhen,ʈ͡ʂ,,ə,n,ʈ͡ʂən,zhěn,zhen3,zhen,3,unknown,False,common,306,539
zhen4,zhen,ʈ͡ʂ,,ə,n,ʈ͡ʂən,zhèn,zhen4,zhen,4,unknown,False,common,306,539
zhen5,zhen,ʈ͡ʂ,,ə,n,ʈ͡ʂən,zhen,zhen5,zhen,5,unknown,False,common,306,539
zheng1,zheng,ʈ͡ʂ,,ə,ŋ,ʈ͡ʂəŋ,zhēng,zheng1,zheng,1,unknown,False,common,307,540
zheng2,zheng,ʈ͡ʂ,,ə,ŋ,ʈ͡ʂəŋ,zhéng,zheng2,zheng,2,unknown,False,common,307,540
zheng3,zheng,ʈ͡ʂ,,ə,ŋ,ʈ͡ʂəŋ,zhěng,zheng3,zheng,3,unknown,False,common,307,540
zheng4,zheng,ʈ͡ʂ,,ə,ŋ,ʈ͡ʂəŋ,zhèng,zheng4,zheng,4,unknown,False,common,307,540
zheng5,zheng,ʈ͡ʂ,,ə,ŋ,ʈ͡ʂəŋ,zheng,zheng5,zheng,5,unknown,False,common,307,540
zha1,zha,ʈ͡ʂ,,a,,ʈ͡ʂa,zhā,zha1,zha,1,unknown,False,common,308,541
zha2,zha,ʈ͡ʂ,,a,,ʈ͡ʂa,zhá,zha2,zha,2,unknown,False,common,308,541
zha3,zha,ʈ͡ʂ,,a,,ʈ͡ʂa,zhǎ,zha3,zha,3,unknown,False,common,308,541
zha4,zha,ʈ͡ʂ,,a,,ʈ͡ʂa,zhà,zha4,zha,4,unknown,False,common,308,541
zha5,zha,ʈ͡ʂ,,a,,ʈ͡ʂa,zha,zha5,zha,5,unknown,False,common,308,541
zhai1,zhai,ʈ͡ʂ,,a,i,ʈ͡ʂai,zhāi,zhai1,zhai,1,unknown,False,common,309,542
zhai2,zhai,ʈ͡ʂ,,a,i,ʈ͡ʂai,zhái,zhai2,zhai,2,unknown,False,common,309,542
zhai3,zhai,ʈ͡ʂ,,a,i,ʈ͡ʂai,zhǎi,zhai3,zhai,3,unknown,False,common,309,542
zhai4,zhai,ʈ͡ʂ,,a,i,ʈ͡ʂai,zhài,zhai4,zhai,4,unknown,False,common,309,542
zhai5,zhai,ʈ͡ʂ,,a,i,ʈ͡ʂai,zhai,zhai5,zhai,5,unknown,False,common,309,542
zhao1,zhao,ʈ͡ʂ,,a,u,ʈ͡ʂau,zhāo,zhao1,zhao,1,unknown,False,common,310,543
zhao2,zhao,ʈ͡ʂ,,a,u,ʈ͡ʂau,zháo,zhao2,zhao,2,unknown,False,common,310,543
zhao3,zhao,ʈ͡ʂ,,a,u,ʈ͡ʂau,zhǎo,zhao3,zhao,3,unknown,False,common,310,543
zhao4,zhao,ʈ͡ʂ,,a,u,ʈ͡ʂau,zhào,zhao4,zhao,4,unknown,False,common,310,543
zhao5,zhao,ʈ͡ʂ,,a,u,ʈ͡ʂau,zhao,zhao5,zhao,5,unknown,False,common,310,543
zhan1,zhan,ʈ͡ʂ,,a,n,ʈ͡ʂan,zhān,zhan1,zhan,1,unknown,False,common,311,544
zhan2,zhan,ʈ͡ʂ,,a,n,ʈ͡ʂan,zhán,zhan2,zhan,2,unknown,False,common,311,544
zhan3,zhan,ʈ͡ʂ,,a,n,ʈ͡ʂan,zhǎn,zhan3,zhan,3,unknown,False,common,311,544
zhan4,zhan,ʈ͡ʂ,,a,n,ʈ͡ʂan,zhàn,zhan4,zhan,4,unknown,False,common,311,544
zhan5,zhan,ʈ͡ʂ,,a,n,ʈ͡ʂan,zhan,zhan5,zhan,5,unknown,False,common,311,544
zhang1,zhang,ʈ͡ʂ,,a,ŋ,ʈ͡ʂaŋ,zhāng,zhang1,zhang,1,unknown,False,common,312,545
zhang2,zhang,ʈ͡ʂ,,a,ŋ,ʈ͡ʂaŋ,zháng,zhang2,zhang,2,unknown,False,common,312,545
zhang3,zhang,ʈ͡ʂ,,a,ŋ,ʈ͡ʂaŋ,zhǎng,zhang3,zhang,3,unknown,False,common,312,545
zhang4,zhang,ʈ͡ʂ,,a,ŋ,ʈ͡ʂaŋ,zhàng,zhang4,zhang,4,unknown,False,common,312,545
zhang5,zhang,ʈ͡ʂ,,a,ŋ,ʈ͡ʂaŋ,zhang,zhang5,zhang,5,unknown,False,common,312,545
zhuo1,zhuo,ʈ͡ʂ,w,ə,,ʈ͡ʂuo,zhuō,zhuo1,zhuo,1,unknown,False,common,313,553
zhuo2,zhuo,ʈ͡ʂ,w,ə,,ʈ͡ʂuo,zhuó,zhuo2,zhuo,2,unknown,False,common,313,553
zhuo3,zhuo,ʈ͡ʂ,w,ə,,ʈ͡ʂuo,zhuǒ,zhuo3,zhuo,3,unknown,False,common,313,553
zhuo4,zhuo,ʈ͡ʂ,w,ə,,ʈ͡ʂuo,zhuò,zhuo4,zhuo,4,unknown,False,common,313,553
zhuo5,zhuo,ʈ͡ʂ,w,ə,,ʈ͡ʂuo,zhuo,zhuo5,zhuo,5,unknown,False,common,313,553
zhui1,zhui,ʈ͡ʂ,w,ə,i,ʈ͡ʂuei,zhuī,zhui1,zhui,1,unknown,False,common,314,554
zhui2,zhui,ʈ͡ʂ,w,ə,i,ʈ͡ʂuei,zhuí,zhui2,zhui,2,unknown,False,common,314,554
zhui3,zhui,ʈ͡ʂ,w,ə,i,ʈ͡ʂuei,zhuǐ,zhui3,zhui,3,unknown,False,common,314,554
zhui4,zhui,ʈ͡ʂ,w,ə,i,ʈ͡ʂuei,zhuì,zhui4,zhui,4,unknown,False,common,314,554
zhui5,zhui,ʈ͡ʂ,w,ə,i,ʈ͡ʂuei,zhui,zhui5,zhui,5,unknown,False,common,314,554
zhun1,zhun,ʈ͡ʂ,w,ə,n,ʈ͡ʂuən,zhūn,zhun1,zhun,1,unknown,True,rare,315,555
zhun2,zhun,ʈ͡ʂ,w,ə,n,ʈ͡ʂuən,zhún,zhun2,zhun,2,unknown,True,rare,315,555
zhun3,zhun,ʈ͡ʂ,w,ə,n,ʈ͡ʂuən,zhǔn,zhun3,zhun,3,unknown,True,rare,315,555
zhun4,zhun,ʈ͡ʂ,w,ə,n,ʈ͡ʂuən,zhùn,zhun4,zhun,4,unknown,True,rare,315,555
zhun5,zhun,ʈ͡ʂ,w,ə,n,ʈ͡ʂuən,zhun,zhun5,zhun,5,unknown,True,rare,315,555
zhua1,zhua,ʈ͡ʂ,w,a,,ʈ͡ʂua,zhuā,zhua1,zhua,1,unknown,True,rare,316,557
zhua2,zhua,ʈ͡ʂ,w,a,,ʈ͡ʂua,zhuá,zhua2,zhua,2,unknown,True,rare,316,557
zhua3,zhua,ʈ͡ʂ,w,a,,ʈ͡ʂua,zhuǎ,zhua3,zhua,3,unknown,True,rare,316,557
zhua4,zhua,ʈ͡ʂ,w,a,,ʈ͡ʂua,zhuà,zhua4,zhua,4,unknown,True,rare,316,557
zhua5,zhua,ʈ͡ʂ,w,a,,ʈ͡ʂua,zhua,zhua5,zhua,5,unknown,True,rare,316,557
zhuai1,zhuai,ʈ͡ʂ,w,a,i,ʈ͡ʂuai,zhuāi,zhuai1,zhuai,1,unknown,True,rare,317,558
zhuai2,zhuai,ʈ͡ʂ,w,a,i,ʈ͡ʂuai,zhuái,zhuai2,zhuai,2,unknown,True,rare,317,558
zhuai3,zhuai,ʈ͡ʂ,w,a,i,ʈ͡ʂuai,zhuǎi,zhuai3,zhuai,3,unknown,True,rare,317,558
zhuai4,zhuai,ʈ͡ʂ,w,a,i,ʈ͡ʂuai,zhuài,zhuai4,zhuai,4,unknown,True,rare,317,558
zhuai5,zhuai,ʈ͡ʂ,w,a,i,ʈ͡ʂuai,zhuai,zhuai5,zhuai,5,unknown,True,rare,317,558
zhuan1,zhuan,ʈ͡ʂ,w,a,n,ʈ͡ʂuan,zhuān,zhuan1,zhuan,1,unknown,False,common,318,559
zhuan2,zhuan,ʈ͡ʂ,w,a,n,ʈ͡ʂuan,zhuán,zhuan2,zhuan,2,unknown,False,common,318,559
zhuan3,zhuan,ʈ͡ʂ,w,a,n,ʈ͡ʂuan,zhuǎn,zhuan3,zhuan,3,unknown,False,common,318,559
zhuan4,zhuan,ʈ͡ʂ,w,a,n,ʈ͡ʂuan,zhuàn,zhuan4,zhuan,4,unknown,False,common,318,559
zhuan5,zhuan,ʈ͡ʂ,w,a,n,ʈ͡ʂuan,zhuan,zhuan5,zhuan,5,unknown,False,common,318,559
zhuang1,zhuang,ʈ͡ʂ,w,a,ŋ,ʈ͡ʂuaŋ,zhuāng,zhuang1,zhuang,1,unknown,False,common,319,560
zhuang2,zhuang,ʈ͡ʂ,w,a,ŋ,ʈ͡ʂuaŋ,zhuáng,zhuang2,zhuang,2,unknown,False,common,319,560
zhuang3,zhuang,ʈ͡ʂ,w,a,ŋ,ʈ͡ʂuaŋ,zhuǎng,zhuang3,zhuang,3,unknown,False,common,319,560
zhuang4,zhuang,ʈ͡ʂ,w,a,ŋ,ʈ͡ʂuaŋ,zhuàng,zhuang4,zhuang,4,unknown,False,common,319,560
zhuang5,zhuang,ʈ͡ʂ,w,a,ŋ,ʈ͡ʂuaŋ,zhuang,zhuang5,zhuang,5,unknown,False,common,319,560
chi1,chi,ʈ͡ʂʰ,,i,,ʈ͡ʂʰɻ̩,chī,chi1,chi,1,unknown,False,common,320,564
chi2,chi,ʈ͡ʂʰ,,i,,ʈ͡ʂʰɻ̩,chí,chi2,chi,2,unknown,False,common,320,564
chi3,chi,ʈ͡ʂʰ,,i,,ʈ͡ʂʰɻ̩,chǐ,chi3,chi,3,unknown,False,common,320,564
chi4,chi,ʈ͡ʂʰ,,i,,ʈ͡ʂʰɻ̩,chì,chi4,chi,4,unknown,False,common,320,564
chi5,chi,ʈ͡ʂʰ,,i,,ʈ͡ʂʰɻ̩,chi,chi5,chi,5,unknown,False,common,320,564
chu1,chu,ʈ͡ʂʰ,,u,,ʈ͡ʂʰu,chū,chu1,chu,1,unknown,False,common,321,567
chu2,chu,ʈ͡ʂʰ,,u,,ʈ͡ʂʰu,chú,chu2,chu,2,unknown,False,common,321,567
chu3,chu,ʈ͡ʂʰ,,u,,ʈ͡ʂʰu,chǔ,chu3,chu,3,unknown,False,common,321,567
chu4,chu,ʈ͡ʂʰ,,u,,ʈ͡ʂʰu,chù,chu4,chu,4,unknown,False,common,321,567
chu5,chu,ʈ͡ʂʰ,,u,,ʈ͡ʂʰu,chu,chu5,chu,5,unknown,False,common,321,567
chong1,chong,ʈ͡ʂʰ,,u,ŋ,ʈ͡ʂʰuŋ,chōng,chong1,chong,1,unknown,False,common,322,568
chong2,chong,ʈ͡ʂʰ,,u,ŋ,ʈ͡ʂʰuŋ,chóng,chong2,chong,2,unknown,False,common,322,568
chong3,chong,ʈ͡ʂʰ,,u,ŋ,ʈ͡ʂʰuŋ,chǒng,chong3,chong,3,unknown,False,common,322,568
chong4,chong,ʈ͡ʂʰ,,u,ŋ,ʈ͡ʂʰuŋ,chòng,chong4,chong,4,unknown,False,common,322,568
chong5,chong,ʈ͡ʂʰ,,u,ŋ,ʈ͡ʂʰuŋ,chong,chong5,chong,5,unknown,False,common,322,568
che1,che,ʈ͡ʂʰ,,ə,,ʈ͡ʂʰɤ,chē,che1,che,1,unknown,False,common,323,571
che2,che,ʈ͡ʂʰ,,ə,,ʈ͡ʂʰɤ,ché,che2,che,2,unknown,False,common,323,571
che3,che,ʈ͡ʂʰ,,ə,,ʈ͡ʂʰɤ,chě,che3,che,3,unknown,False,common,323,571
che4,che,ʈ͡ʂʰ,,ə,,ʈ͡ʂʰɤ,chè,che4,che,4,unknown,False,common,323,571
che5,che,ʈ͡ʂʰ,,ə,,ʈ͡ʂʰɤ,che,che5,che,5,unknown,False,common,323,571
chou1,chou,ʈ͡ʂʰ,,ə,u,ʈ͡ʂʰou,chōu,chou1,chou,1,unknown,False,common,324,573
chou2,chou,ʈ͡ʂʰ,,ə,u,ʈ͡ʂʰou,chóu,chou2,chou,2,unknown,False,common,324,573
chou3,chou,ʈ͡ʂʰ,,ə,u,ʈ͡ʂʰou,chǒu,chou3,chou,3,unknown,False,common,324,573
chou4,chou,ʈ͡ʂʰ,,ə,u,ʈ͡ʂʰou,chòu,chou4,chou,4,unknown,False,common,324,573
chou5,chou,ʈ͡ʂʰ,,ə,u,ʈ͡ʂʰou,chou,chou5,chou,5,unknown,False,common,324,573
chen1,chen,ʈ͡ʂʰ,,ə,n,ʈ͡ʂʰən,chēn,chen1,chen,1,unknown,False,common,325,574
chen2,chen,ʈ͡ʂʰ,,ə,n,ʈ͡ʂʰən,chén,chen2,chen,2,unknown,False,common,325,574
chen3,chen,ʈ͡ʂʰ,,ə,n,ʈ͡ʂʰən,chěn,chen3,chen,3,unknown,False,common,325,574
chen4,chen,ʈ͡ʂʰ,,ə,n,ʈ͡ʂʰən,chèn,chen4,chen,4,unknown,False,common,325,574
chen5,chen,ʈ͡ʂʰ,,ə,n,ʈ͡ʂʰən,chen,chen5,chen,5,unknown,False,common,325,574
cheng1,cheng,ʈ͡ʂʰ,,ə,ŋ,ʈ͡ʂʰəŋ,chēng,cheng1,cheng,1,unknown,False,common,326,575
cheng2,cheng,ʈ͡ʂʰ,,ə,ŋ,ʈ͡ʂʰəŋ,chéng,cheng2,cheng,2,unknown,False,common,326,575
cheng3,cheng,ʈ͡ʂʰ,,ə,ŋ,ʈ͡ʂʰəŋ,chěng,cheng3,cheng,3,unknown,False,common,326,575
cheng4,cheng,ʈ͡ʂʰ,,ə,ŋ,ʈ͡ʂʰəŋ,chèng,cheng4,cheng,4,unknown,False,common,326,575
cheng5,cheng,ʈ͡ʂʰ,,ə,ŋ,ʈ͡ʂʰəŋ,cheng,cheng5,cheng,5,unknown,False,common,326,575
cha1,cha,ʈ͡ʂʰ,,a,,ʈ͡ʂʰa,chā,cha1,cha,1,unknown,False,common,327,576
cha2,cha,ʈ͡ʂʰ,,a,,ʈ͡ʂʰa,chá,cha2,cha,2,unknown,False,common,327,576
cha3,cha,ʈ͡ʂʰ,,a,,ʈ͡ʂʰa,chǎ,cha3,cha,3,unknown,False,common,327,576
cha4,cha,ʈ͡ʂʰ,,a,,ʈ͡ʂʰa,chà,cha4,cha,4,unknown,False,common,327,576
cha5,cha,ʈ͡ʂʰ,,a,,ʈ͡ʂʰa,cha,cha5,cha,5,unknown,False,common,327,576
chai1,chai,ʈ͡ʂʰ,,a,i,ʈ͡ʂʰai,chāi,chai1,chai,1,unknown,False,common,328,577
chai2,chai,ʈ͡ʂʰ,,a,i,ʈ͡ʂʰai,chái,chai2,chai,2,unknown,False,common,328,577
chai3,chai,ʈ͡ʂʰ,,a,i,ʈ͡ʂʰai,chǎi,chai3,chai,3,unknown,False,common,328,577
chai4,chai,ʈ͡ʂʰ,,a,i,ʈ͡ʂʰai,chài,chai4,chai,4,unknown,False,common,328,577
chai5,chai,ʈ͡ʂʰ,,a,i,ʈ͡ʂʰai,chai,chai5,chai,5,unknown,False,common,328,577
chao1,chao,ʈ͡ʂʰ,,a,u,ʈ͡ʂʰau,chāo,chao1,chao,1,unknown,False,common,329,578
chao2,chao,ʈ͡ʂʰ,,a,u,ʈ͡ʂʰau,cháo,chao2,chao,2,unknown,False,common,329,578
chao3,chao,ʈ͡ʂʰ,,a,u,ʈ͡ʂʰau,chǎo,chao3,chao,3,unknown,False,common,329,578
chao4,chao,ʈ͡ʂʰ,,a,u,ʈ͡ʂʰau,chào,chao4,chao,4,unknown,False,common,329,578
chao5,chao,ʈ͡ʂʰ,,a,u,ʈ͡ʂʰau,chao,chao5,chao,5,unknown,False,common,329,578
chan1,chan,ʈ͡ʂʰ,,a,n,ʈ͡ʂʰan,chān,chan1,chan,1,unknown,False,common,330,579
chan2,chan,ʈ͡ʂʰ,,a,n,ʈ͡ʂʰan,chán,chan2,chan,2,unknown,False,common,330,579
chan3,chan,ʈ͡ʂʰ,,a,n,ʈ͡ʂʰan,chǎn,chan3,chan,3,unknown,False,common,330,579
chan4,chan,ʈ͡ʂʰ,,a,n,ʈ͡ʂʰan,chàn,chan4,chan,4,unknown,False,common,330,579
chan5,chan,ʈ͡ʂʰ,,a,n,ʈ͡ʂʰan,chan,chan5,chan,5,unknown,False,common,330,579
chang1,chang,ʈ͡ʂʰ,,a,ŋ,ʈ͡ʂʰaŋ,chāng,chang1,chang,1,unknown,False,common,331,580
chang2,chang,ʈ͡ʂʰ,,a,ŋ,ʈ͡ʂʰaŋ,cháng,chang2,chang,2,unknown,False,common,331,580
chang3,chang,ʈ͡ʂʰ,,a,ŋ,ʈ͡ʂʰaŋ,chǎng,chang3,chang,3,unknown,False,common,331,580
chang4,chang,ʈ͡ʂʰ,,a,ŋ,ʈ͡ʂʰaŋ,chàng,chang4,chang,4,unknown,False,common,331,580
chang5,chang,ʈ͡ʂʰ,,a,ŋ,ʈ͡ʂʰaŋ,chang,chang5,chang,5,unknown,False,common,331,580
chuo1,chuo,ʈ͡ʂʰ,w,ə,,ʈ͡ʂʰuo,chuō,chuo1,chuo,1,unknown,True,rare,332,588
chuo2,chuo,ʈ͡ʂʰ,w,ə,,ʈ͡ʂʰuo,chuó,chuo2,chuo,2,unknown,True,rare,332,588
chuo3,chuo,ʈ͡ʂʰ,w,ə,,ʈ͡ʂʰuo,chuǒ,chuo3,chuo,3,unknown,True,rare,332,588
chuo4,chuo,ʈ͡ʂʰ,w,ə,,ʈ͡ʂʰuo,chuò,chuo4,chuo,4,unknown,True,rare,332,588
chuo5,chuo,ʈ͡ʂʰ,w,ə,,ʈ͡ʂʰuo,chuo,chuo5,chuo,5,unknown,True,rare,332,588
chui1,chui,ʈ͡ʂʰ,w,ə,i,ʈ͡ʂʰuei,chuī,chui1,chui,1,unknown,False,common,333,589
chui2,chui,ʈ͡ʂʰ,w,ə,i,ʈ͡ʂʰuei,chuí,chui2,chui,2,unknown,False,common,333,589
chui3,chui,ʈ͡ʂʰ,w,ə,i,ʈ͡ʂʰuei,chuǐ,chui3,chui,3,unknown,False,common,333,589
chui4,chui,ʈ͡ʂʰ,w,ə,i,ʈ͡ʂʰuei,chuì,chui4,chui,4,unknown,False,common,333,589
chui5,chui,ʈ͡ʂʰ,w,ə,i,ʈ͡ʂʰuei,chui,chui5,chui,5,unknown,False,common,333,589
chun1,chun,ʈ͡ʂʰ,w,ə,n,ʈ͡ʂʰuən,chūn,chun1,chun,1,unknown,False,common,334,590
chun2,chun,ʈ͡ʂʰ,w,ə,n,ʈ͡ʂʰuən,chún,chun2,chun,2,unknown,False,common,334,590
chun3,chun,ʈ͡ʂʰ,w,ə,n,ʈ͡ʂʰuən,chǔn,chun3,chun,3,unknown,False,common,334,590
chun4,chun,ʈ͡ʂʰ,w,ə,n,ʈ͡ʂʰuən,chùn,chun4,chun,4,unknown,False,common,334,590
chun5,chun,ʈ͡ʂʰ,w,ə,n,ʈ͡ʂʰuən,chun,chun5,chun,5,unknown,False,common,334,590
chua1,chua,ʈ͡ʂʰ,w,a,,ʈ͡ʂʰua,chuā,chua1,chua,1,unknown,False,common,335,592
chua2,chua,ʈ͡ʂʰ,w,a,,ʈ͡ʂʰua,chuá,chua2,chua,2,unknown,False,common,335,592
chua3,chua,ʈ͡ʂʰ,w,a,,ʈ͡ʂʰua,chuǎ,chua3,chua,3,unknown,False,common,335,592
chua4,chua,ʈ͡ʂʰ,w,a,,ʈ͡ʂʰua,chuà,chua4,chua,4,unknown,False,common,335,592
chua5,chua,ʈ͡ʂʰ,w,a,,ʈ͡ʂʰua,chua,chua5,chua,5,unknown,False,common,335,592
chuai1,chuai,ʈ͡ʂʰ,w,a,i,ʈ͡ʂʰuai,chuāi,chuai1,chuai,1,unknown,True,rare,336,593
chuai2,chuai,ʈ͡ʂʰ,w,a,i,ʈ͡ʂʰuai,chuái,chuai2,chuai,2,unknown,True,rare,336,593
chuai3,chuai,ʈ͡ʂʰ,w,a,i,ʈ͡ʂʰuai,chuǎi,chuai3,chuai,3,unknown,True,rare,336,593
chuai4,chuai,ʈ͡ʂʰ,w,a,i,ʈ͡ʂʰuai,chuài,chuai4,chuai,4,unknown,True,rare,336,593
chuai5,chuai,ʈ͡ʂʰ,w,a,i,ʈ͡ʂʰuai,chuai,chuai5,chuai,5,unknown,True,rare,336,593
chuan1,chuan,ʈ͡ʂʰ,w,a,n,ʈ͡ʂʰuan,chuān,chuan1,chuan,1,unknown,False,common,337,594
chuan2,chuan,ʈ͡ʂʰ,w,a,n,ʈ͡ʂʰuan,chuán,chuan2,chuan,2,unknown,False,common,337,594
chuan3,chuan,ʈ͡ʂʰ,w,a,n,ʈ͡ʂʰuan,chuǎn,chuan3,chuan,3,unknown,False,common,337,594
chuan4,chuan,ʈ͡ʂʰ,w,a,n,ʈ͡ʂʰuan,chuàn,chuan4,chuan,4,unknown,False,common,337,594
chuan5,chuan,ʈ͡ʂʰ,w,a,n,ʈ͡ʂʰuan,chuan,chuan5,chuan,5,unknown,False,common,337,594
chuang1,chuang,ʈ͡ʂʰ,w,a,ŋ,ʈ͡ʂʰuaŋ,chuāng,chuang1,chuang,1,unknown,False,common,338,595
chuang2,chuang,ʈ͡ʂʰ,w,a,ŋ,ʈ͡ʂʰuaŋ,chuáng,chuang2,chuang,2,unknown,False,common,338,595
chuang3,chuang,ʈ͡ʂʰ,w,a,ŋ,ʈ͡ʂʰuaŋ,chuǎng,chuang3,chuang,3,unknown,False,common,338,595
chuang4,chuang,ʈ͡ʂʰ,w,a,ŋ,ʈ͡ʂʰuaŋ,chuàng,chuang4,chuang,4,unknown,False,common,338,595
chuang5,chuang,ʈ͡ʂʰ,w,a,ŋ,ʈ͡ʂʰuaŋ,chuang,chuang5,chuang,5,unknown,False,common,338,595
shi1,shi,ʂ,,i,,ʂɻ̩,shī,shi1,shi,1,unknown,False,common,339,599
shi2,shi,ʂ,,i,,ʂɻ̩,shí,shi2,shi,2,unknown,False,common,339,599
shi3,shi,ʂ,,i,,ʂɻ̩,shǐ,shi3,shi,3,unknown,False,common,339,599
shi4,shi,ʂ,,i,,ʂɻ̩,shì,shi4,shi,4,unknown,False,common,339,599
shi5,shi,ʂ,,i,,ʂɻ̩,shi,shi5,shi,5,unknown,False,common,339,599
shu1,shu,ʂ,,u,,ʂu,shū,shu1,shu,1,unknown,False,common,340,602
shu2,shu,ʂ,,u,,ʂu,shú,shu2,shu,2,unknown,False,common,340,602
shu3,shu,ʂ,,u,,ʂu,shǔ,shu3,shu,3,unknown,False,common,340,602
shu4,shu,ʂ,,u,,ʂu,shù,shu4,shu,4,unknown,False,common,340,602
shu5,shu,ʂ,,u,,ʂu,shu,shu5,shu,5,unknown,False,common,340,602
she1,she,ʂ,,ə,,ʂɤ,shē,she1,she,1,unknown,False,common,341,606
she2,she,ʂ,,ə,,ʂɤ,shé,she2,she,2,unknown,False,common,341,606
she3,she,ʂ,,ə,,ʂɤ,shě,she3,she,3,unknown,False,common,341,606
she4,she,ʂ,,ə,,ʂɤ,shè,she4,she,4,unknown,False,common,341,606
she5,she,ʂ,,ə,,ʂɤ,she,she5,she,5,unknown,False,common,341,606
shei1,shei,ʂ,,ə,i,ʂei,shēi,shei1,shei,1,unknown,True,rare,342,607
shei2,shei,ʂ,,ə,i,ʂei,shéi,shei2,shei,2,unknown,True,rare,342,607
shei3,shei,ʂ,,ə,i,ʂei,shěi,shei3,shei,3,unknown,True,rare,342,607
shei4,shei,ʂ,,ə,i,ʂei,shèi,shei4,shei,4,unknown,True,rare,342,607
shei5,shei,ʂ,,ə,i,ʂei,shei,shei5,shei,5,unknown,True,rare,342,607
shou1,shou,ʂ,,ə,u,ʂou,shōu,shou1,shou,1,unknown,False,common,343,608
shou2,shou,ʂ,,ə,u,ʂou,shóu,shou2,shou,2,unknown,False,common,343,608
shou3,shou,ʂ,,ə,u,ʂou,shǒu,shou3,shou,3,unknown,False,common,343,608
shou4,shou,ʂ,,ə,u,ʂou,shòu,shou4,shou,4,unknown,False,common,343,608
shou5,shou,ʂ,,ə,u,ʂou,shou,shou5,shou,5,unknown,False,common,343,608
shen1,shen,ʂ,,ə,n,ʂən,shēn,shen1,shen,1,unknown,False,common,344,609
shen2,shen,ʂ,,ə,n,ʂən,shén,shen2,shen,2,unknown,False,common,344,609
shen3,shen,ʂ,,ə,n,ʂən,shěn,shen3,shen,3,unknown,False,common,344,609
shen4,shen,ʂ,,ə,n,ʂən,shèn,shen4,shen,4,unknown,False,common,344,609
shen5,shen,ʂ,,ə,n,ʂən,shen,shen5,shen,5,unknown,False,common,344,609
sheng1,sheng,ʂ,,ə,ŋ,ʂəŋ,shēng,sheng1,sheng,1,unknown,False,common,345,610
sheng2,sheng,ʂ,,ə,ŋ,ʂəŋ,shéng,sheng2,sheng,2,unknown,False,common,345,610
sheng3,sheng,ʂ,,ə,ŋ,ʂəŋ,shěng,sheng3,sheng,3,unknown,False,common,345,610
sheng4,sheng,ʂ,,ə,ŋ,ʂəŋ,shèng,sheng4,sheng,4,unknown,False,common,345,610
sheng5,sheng,ʂ,,ə,ŋ,ʂəŋ,sheng,sheng5,sheng,5,unknown,False,common,345,610
sha1,sha,ʂ,,a,,ʂa,shā,sha1,sha,1,unknown,False,common,346,611
sha2,sha,ʂ,,a,,ʂa,shá,sha2,sha,2,unknown,False,common,346,611
sha3,sha,ʂ,,a,,ʂa,shǎ,sha3,sha,3,unknown,False,common,346,611
sha4,sha,ʂ,,a,,ʂa,shà,sha4,sha,4,unknown,False,common,346,611
sha5,sha,ʂ,,a,,ʂa,sha,sha5,sha,5,unknown,False,common,346,611
shai1,shai,ʂ,,a,i,ʂai,shāi,shai1,shai,1,unknown,True,rare,347,612
shai2,shai,ʂ,,a,i,ʂai,shái,shai2,shai,2,unknown,True,rare,347,612
shai3,shai,ʂ,,a,i,ʂai,shǎi,shai3,shai,3,unknown,True,rare,347,612
shai4,shai,ʂ,,a,i,ʂai,shài,shai4,shai,4,unknown,True,rare,347,612
shai5,shai,ʂ,,a,i,ʂai,shai,shai5,shai,5,unknown,True,rare,347,612
shao1,shao,ʂ,,a,u,ʂau,shāo,shao1,shao,1,unknown,False,common,348,613
shao2,shao,ʂ,,a,u,ʂau,sháo,shao2,shao,2,unknown,False,common,348,613
shao3,shao,ʂ,,a,u,ʂau,shǎo,shao3,shao,3,unknown,False,common,348,613
shao4,shao,ʂ,,a,u,ʂau,shào,shao4,shao,4,unknown,False,common,348,613
shao5,shao,ʂ,,a,u,ʂau,shao,shao5,shao,5,unknown,False,common,348,613
shan1,shan,ʂ,,a,n,ʂan,shān,shan1,shan,1,unknown,False,common,349,614
shan2,shan,ʂ,,a,n,ʂan,shán,shan2,shan,2,unknown,False,common,349,614
shan3,shan,ʂ,,a,n,ʂan,shǎn,shan3,shan,3,unknown,False,common,349,614
shan4,shan,ʂ,,a,n,ʂan,shàn,shan4,shan,4,unknown,False,common,349,614
shan5,shan,ʂ,,a,n,ʂan,shan,shan5,shan,5,unknown,False,common,349,614
shang1,shang,ʂ,,a,ŋ,ʂaŋ,shāng,shang1,shang,1,unknown,False,common,350,615
shang2,shang,ʂ,,a,ŋ,ʂaŋ,sháng,shang2,shang,2,unknown,False,common,350,615
shang3,shang,ʂ,,a,ŋ,ʂaŋ,shǎng,shang3,shang,3,unknown,False,common,350,615
shang4,shang,ʂ,,a,ŋ,ʂaŋ,shàng,shang4,shang,4,unknown,False,common,350,615
shang5,shang,ʂ,,a,ŋ,ʂaŋ,shang,shang5,shang,5,unknown,False,common,350,615
shuo1,shuo,ʂ,w,ə,,ʂuo,shuō,shuo1,shuo,1,unknown,False,common,351,623
shuo2,shuo,ʂ,w,ə,,ʂuo,shuó,shuo2,shuo,2,unknown,False,common,351,623
shuo3,shuo,ʂ,w,ə,,ʂuo,shuǒ,shuo3,shuo,3,unknown,False,common,351,623
shuo4,shuo,ʂ,w,ə,,ʂuo,shuò,shuo4,shuo,4,unknown,False,common,351,623
shuo5,shuo,ʂ,w,ə,,ʂuo,shuo,shuo5,shuo,5,unknown,False,common,351,623
shui1,shui,ʂ,w,ə,i,ʂuei,shuī,shui1,shui,1,unknown,False,common,352,624
shui2,shui,ʂ,w,ə,i,ʂuei,shuí,shui2,shui,2,unknown,False,common,352,624
shui3,shui,ʂ,w,ə,i,ʂuei,shuǐ,shui3,shui,3,unknown,False,common,352,624
shui4,shui,ʂ,w,ə,i,ʂuei,shuì,shui4,shui,4,unknown,False,common,352,624
shui5,shui,ʂ,w,ə,i,ʂuei,shui,shui5,shui,5,unknown,False,common,352,624
shun1,shun,ʂ,w,ə,n,ʂuən,shūn,shun1,shun,1,unknown,False,common,353,625
shun2,shun,ʂ,w,ə,n,ʂuən,shún,shun2,shun,2,unknown,False,common,353,625
shun3,shun,ʂ,w,ə,n,ʂuən,shǔn,shun3,shun,3,unknown,False,common,353,625
shun4,shun,ʂ,w,ə,n,ʂuən,shùn,shun4,shun,4,unknown,False,common,353,625
shun5,shun,ʂ,w,ə,n,ʂuən,shun,shun5,shun,5,unknown,False,common,353,625
shua1,shua,ʂ,w,a,,ʂua,shuā,shua1,shua,1,unknown,True,rare,354,627
shua2,shua,ʂ,w,a,,ʂua,shuá,shua2,shua,2,unknown,True,rare,354,627
shua3,shua,ʂ,w,a,,ʂua,shuǎ,shua3,shua,3,unknown,True,rare,354,627
shua4,shua,ʂ,w,a,,ʂua,shuà,shua4,shua,4,unknown,True,rare,354,627
shua5,shua,ʂ,w,a,,ʂua,shua,shua5,shua,5,unknown,True,rare,354,627
shuai1,shuai,ʂ,w,a,i,ʂuai,shuāi,shuai1,shuai,1,unknown,False,common,355,628
shuai2,shuai,ʂ,w,a,i,ʂuai,shuái,shuai2,shuai,2,unknown,False,common,355,628
shuai3,shuai,ʂ,w,a,i,ʂuai,shuǎi,shuai3,shuai,3,unknown,False,common,355,628
shuai4,shuai,ʂ,w,a,i,ʂuai,shuài,shuai4,shuai,4,unknown,False,common,355,628
shuai5,shuai,ʂ,w,a,i,ʂuai,shuai,shuai5,shuai,5,unknown,False,common,355,628
shuan1,shuan,ʂ,w,a,n,ʂuan,shuān,shuan1,shuan,1,unknown,False,common,356,629
shuan2,shuan,ʂ,w,a,n,ʂuan,shuán,shuan2,shuan,2,unknown,False,common,356,629
shuan3,shuan,ʂ,w,a,n,ʂuan,shuǎn,shuan3,shuan,3,unknown,False,common,356,629
shuan4,shuan,ʂ,w,a,n,ʂuan,shuàn,shuan4,shuan,4,unknown,False,common,356,629
shuan5,shuan,ʂ,w,a,n,ʂuan,shuan,shuan5,shuan,5,unknown,False,common,356,629
shuang1,shuang,ʂ,w,a,ŋ,ʂuaŋ,shuāng,shuang1,shuang,1,unknown,False,common,357,630
shuang2,shuang,ʂ,w,a,ŋ,ʂuaŋ,shuáng,shuang2,shuang,2,unknown,False,common,357,630
shuang3,shuang,ʂ,w,a,ŋ,ʂuaŋ,shuǎng,shuang3,shuang,3,unknown,False,common,357,630
shuang4,shuang,ʂ,w,a,ŋ,ʂuaŋ,shuàng,shuang4,shuang,4,unknown,False,common,357,630
shuang5,shuang,ʂ,w,a,ŋ,ʂuaŋ,shuang,shuang5,shuang,5,unknown,False,common,357,630
ri1_row0358,ri,ʐ,,i,,ʐɻ̩,rī,ri1,ri,1,unknown,True,rare,358,634
ri2_row0358,ri,ʐ,,i,,ʐɻ̩,rí,ri2,ri,2,unknown,True,rare,358,634
ri3_row0358,ri,ʐ,,i,,ʐɻ̩,rǐ,ri3,ri,3,unknown,True,rare,358,634
ri4_row0358,ri,ʐ,,i,,ʐɻ̩,rì,ri4,ri,4,unknown,True,rare,358,634
ri5_row0358,ri,ʐ,,i,,ʐɻ̩,ri,ri5,ri,5,unknown,True,rare,358,634
ru1,ru,ʐ,,u,,ʐu,rū,ru1,ru,1,unknown,False,common,359,637
ru2,ru,ʐ,,u,,ʐu,rú,ru2,ru,2,unknown,False,common,359,637
ru3,ru,ʐ,,u,,ʐu,rǔ,ru3,ru,3,unknown,False,common,359,637
ru4,ru,ʐ,,u,,ʐu,rù,ru4,ru,4,unknown,False,common,359,637
ru5,ru,ʐ,,u,,ʐu,ru,ru5,ru,5,unknown,False,common,359,637
rong1,rong,ʐ,,u,ŋ,ʐuŋ,rōng,rong1,rong,1,unknown,False,common,360,638
rong2,rong,ʐ,,u,ŋ,ʐuŋ,róng,rong2,rong,2,unknown,False,common,360,638
rong3,rong,ʐ,,u,ŋ,ʐuŋ,rǒng,rong3,rong,3,unknown,False,common,360,638
rong4,rong,ʐ,,u,ŋ,ʐuŋ,ròng,rong4,rong,4,unknown,False,common,360,638
rong5,rong,ʐ,,u,ŋ,ʐuŋ,rong,rong5,rong,5,unknown,False,common,360,638
re1,re,ʐ,,ə,,ʐɤ,rē,re1,re,1,unknown,True,rare,361,641
re2,re,ʐ,,ə,,ʐɤ,ré,re2,re,2,unknown,True,rare,361,641
re3,re,ʐ,,ə,,ʐɤ,rě,re3,re,3,unknown,True,rare,361,641
re4,re,ʐ,,ə,,ʐɤ,rè,re4,re,4,unknown,True,rare,361,641
re5,re,ʐ,,ə,,ʐɤ,re,re5,re,5,unknown,True,rare,361,641
rou1,rou,ʐ,,ə,u,ʐou,rōu,rou1,rou,1,unknown,False,common,362,643
rou2,rou,ʐ,,ə,u,ʐou,róu,rou2,rou,2,unknown,False,common,362,643
rou3,rou,ʐ,,ə,u,ʐou,rǒu,rou3,rou,3,unknown,False,common,362,643
rou4,rou,ʐ,,ə,u,ʐou,ròu,rou4,rou,4,unknown,False,common,362,643
rou5,rou,ʐ,,ə,u,ʐou,rou,rou5,rou,5,unknown,False,common,362,643
ren1,ren,ʐ,,ə,n,ʐən,rēn,ren1,ren,1,unknown,False,common,363,644
ren2,ren,ʐ,,ə,n,ʐən,rén,ren2,ren,2,unknown,False,common,363,644
ren3,ren,ʐ,,ə,n,ʐən,rěn,ren3,ren,3,unknown,False,common,363,644
ren4,ren,ʐ,,ə,n,ʐən,rèn,ren4,ren,4,unknown,False,common,363,644
ren5,ren,ʐ,,ə,n,ʐən,ren,ren5,ren,5,unknown,False,common,363,644
reng1,reng,ʐ,,ə,ŋ,ʐəŋ,rēng,reng1,reng,1,unknown,True,rare,364,645
reng2,reng,ʐ,,ə,ŋ,ʐəŋ,réng,reng2,reng,2,unknown,True,rare,364,645
reng3,reng,ʐ,,ə,ŋ,ʐəŋ,rěng,reng3,reng,3,unknown,True,rare,364,645
reng4,reng,ʐ,,ə,ŋ,ʐəŋ,rèng,reng4,reng,4,unknown,True,rare,364,645
reng5,reng,ʐ,,ə,ŋ,ʐəŋ,reng,reng5,reng,5,unknown,True,rare,364,645
rao1,rao,ʐ,,a,u,ʐau,rāo,rao1,rao,1,unknown,False,common,365,648
rao2,rao,ʐ,,a,u,ʐau,ráo,rao2,rao,2,unknown,False,common,365,648
rao3,rao,ʐ,,a,u,ʐau,rǎo,rao3,rao,3,unknown,False,common,365,648
rao4,rao,ʐ,,a,u,ʐau,rào,rao4,rao,4,unknown,False,common,365,648
rao5,rao,ʐ,,a,u,ʐau,rao,rao5,rao,5,unknown,False,common,365,648
ran1,ran,ʐ,,a,n,ʐan,rān,ran1,ran,1,unknown,False,common,366,649
ran2,ran,ʐ,,a,n,ʐan,rán,ran2,ran,2,unknown,False,common,366,649
ran3,ran,ʐ,,a,n,ʐan,rǎn,ran3,ran,3,unknown,False,common,366,649
ran4,ran,ʐ,,a,n,ʐan,ràn,ran4,ran,4,unknown,False,common,366,649
ran5,ran,ʐ,,a,n,ʐan,ran,ran5,ran,5,unknown,False,common,366,649
rang1,rang,ʐ,,a,ŋ,ʐaŋ,rāng,rang1,rang,1,unknown,False,common,367,650
rang2,rang,ʐ,,a,ŋ,ʐaŋ,ráng,rang2,rang,2,unknown,False,common,367,650
rang3,rang,ʐ,,a,ŋ,ʐaŋ,rǎng,rang3,rang,3,unknown,False,common,367,650
rang4,rang,ʐ,,a,ŋ,ʐaŋ,ràng,rang4,rang,4,unknown,False,common,367,650
rang5,rang,ʐ,,a,ŋ,ʐaŋ,rang,rang5,rang,5,unknown,False,common,367,650
ruo1,ruo,ʐ,w,ə,,ʐuo,ruō,ruo1,ruo,1,unknown,True,rare,368,658
ruo2,ruo,ʐ,w,ə,,ʐuo,ruó,ruo2,ruo,2,unknown,True,rare,368,658
ruo3,ruo,ʐ,w,ə,,ʐuo,ruǒ,ruo3,ruo,3,unknown,True,rare,368,658
ruo4,ruo,ʐ,w,ə,,ʐuo,ruò,ruo4,ruo,4,unknown,True,rare,368,658
ruo5,ruo,ʐ,w,ə,,ʐuo,ruo,ruo5,ruo,5,unknown,True,rare,368,658
rui1,rui,ʐ,w,ə,i,ʐuei,ruī,rui1,rui,1,unknown,False,common,369,659
rui2,rui,ʐ,w,ə,i,ʐuei,ruí,rui2,rui,2,unknown,False,common,369,659
rui3,rui,ʐ,w,ə,i,ʐuei,ruǐ,rui3,rui,3,unknown,False,common,369,659
rui4,rui,ʐ,w,ə,i,ʐuei,ruì,rui4,rui,4,unknown,False,common,369,659
rui5,rui,ʐ,w,ə,i,ʐuei,rui,rui5,rui,5,unknown,False,common,369,659
run1,run,ʐ,w,ə,n,ʐuən,rūn,run1,run,1,unknown,True,rare,370,660
run2,run,ʐ,w,ə,n,ʐuən,rún,run2,run,2,unknown,True,rare,370,660
run3,run,ʐ,w,ə,n,ʐuən,rǔn,run3,run,3,unknown,True,rare,370,660
run4,run,ʐ,w,ə,n,ʐuən,rùn,run4,run,4,unknown,True,rare,370,660
run5,run,ʐ,w,ə,n,ʐuən,run,run5,run,5,unknown,True,rare,370,660
rua1,rua,ʐ,w,a,,ʐua,ruā,rua1,rua,1,unknown,False,common,371,662
rua2,rua,ʐ,w,a,,ʐua,ruá,rua2,rua,2,unknown,False,common,371,662
rua3,rua,ʐ,w,a,,ʐua,ruǎ,rua3,rua,3,unknown,False,common,371,662
rua4,rua,ʐ,w,a,,ʐua,ruà,rua4,rua,4,unknown,False,common,371,662
rua5,rua,ʐ,w,a,,ʐua,rua,rua5,rua,5,unknown,False,common,371,662
ruan1,ruan,ʐ,w,a,n,ʐuan,ruān,ruan1,ruan,1,unknown,True,rare,372,664
ruan2,ruan,ʐ,w,a,n,ʐuan,ruán,ruan2,ruan,2,unknown,True,rare,372,664
ruan3,ruan,ʐ,w,a,n,ʐuan,ruǎn,ruan3,ruan,3,unknown,True,rare,372,664
ruan4,ruan,ʐ,w,a,n,ʐuan,ruàn,ruan4,ruan,4,unknown,True,rare,372,664
ruan5,ruan,ʐ,w,a,n,ʐuan,ruan,ruan5,ruan,5,unknown,True,rare,372,664
zi1,zi,t͡s,,i,,t͡sɿ,zī,zi1,zi,1,unknown,False,common,373,669
zi2,zi,t͡s,,i,,t͡sɿ,zí,zi2,zi,2,unknown,False,common,373,669
zi3,zi,t͡s,,i,,t͡sɿ,zǐ,zi3,zi,3,unknown,False,common,373,669
zi4,zi,t͡s,,i,,t͡sɿ,zì,zi4,zi,4,unknown,False,common,373,669
zi5,zi,t͡s,,i,,t͡sɿ,zi,zi5,zi,5,unknown,False,common,373,669
zu1,zu,t͡s,,u,,t͡su,zū,zu1,zu,1,unknown,False,common,374,672
zu2,zu,t͡s,,u,,t͡su,zú,zu2,zu,2,unknown,False,common,374,672
zu3,zu,t͡s,,u,,t͡su,zǔ,zu3,zu,3,unknown,False,common,374,672
zu4,zu,t͡s,,u,,t͡su,zù,zu4,zu,4,unknown,False,common,374,672
zu5,zu,t͡s,,u,,t͡su,zu,zu5,zu,5,unknown,False,common,374,672
zong1,zong,t͡s,,u,ŋ,t͡suŋ,zōng,zong1,zong,1,unknown,False,common,375,673
zong2,zong,t͡s,,u,ŋ,t͡suŋ,zóng,zong2,zong,2,unknown,False,common,375,673
zong3,zong,t͡s,,u,ŋ,t͡suŋ,zǒng,zong3,zong,3,unknown,False,common,375,673
zong4,zong,t͡s,,u,ŋ,t͡suŋ,zòng,zong4,zong,4,unknown,False,common,375,673
zong5,zong,t͡s,,u,ŋ,t͡suŋ,zong,zong5,zong,5,unknown,False,common,375,673
ze1,ze,t͡s,,ə,,t͡sɤ,zē,ze1,ze,1,unknown,False,common,376,676
ze2,ze,t͡s,,ə,,t͡sɤ,zé,ze2,ze,2,unknown,False,common,376,676
ze3,ze,t͡s,,ə,,t͡sɤ,zě,ze3,ze,3,unknown,False,common,376,676
ze4,ze,t͡s,,ə,,t͡sɤ,zè,ze4,ze,4,unknown,False,common,376,676
ze5,ze,t͡s,,ə,,t͡sɤ,ze,ze5,ze,5,unknown,False,common,376,676
zei1,zei,t͡s,,ə,i,t͡sei,zēi,zei1,zei,1,unknown,True,rare,377,677
zei2,zei,t͡s,,ə,i,t͡sei,zéi,zei2,zei,2,unknown,True,rare,377,677
zei3,zei,t͡s,,ə,i,t͡sei,zěi,zei3,zei,3,unknown,True,rare,377,677
zei4,zei,t͡s,,ə,i,t͡sei,zèi,zei4,zei,4,unknown,True,rare,377,677
zei5,zei,t͡s,,ə,i,t͡sei,zei,zei5,zei,5,unknown,True,rare,377,677
zou1,zou,t͡s,,ə,u,t͡sou,zōu,zou1,zou,1,unknown,False,common,378,678
zou2,zou,t͡s,,ə,u,t͡sou,zóu,zou2,zou,2,unknown,False,common,378,678
zou3,zou,t͡s,,ə,u,t͡sou,zǒu,zou3,zou,3,unknown,False,common,378,678
zou4,zou,t͡s,,ə,u,t͡sou,zòu,zou4,zou,4,unknown,False,common,378,678
zou5,zou,t͡s,,ə,u,t͡sou,zou,zou5,zou,5,unknown,False,common,378,678
zen1,zen,t͡s,,ə,n,t͡sən,zēn,zen1,zen,1,unknown,True,rare,379,679
zen2,zen,t͡s,,ə,n,t͡sən,zén,zen2,zen,2,unknown,True,rare,379,679
zen3,zen,t͡s,,ə,n,t͡sən,zěn,zen3,zen,3,unknown,True,rare,379,679
zen4,zen,t͡s,,ə,n,t͡sən,zèn,zen4,zen,4,unknown,True,rare,379,679
zen5,zen,t͡s,,ə,n,t͡sən,zen,zen5,zen,5,unknown,True,rare,379,679
zeng1,zeng,t͡s,,ə,ŋ,t͡səŋ,zēng,zeng1,zeng,1,unknown,False,common,380,680
zeng2,zeng,t͡s,,ə,ŋ,t͡səŋ,zéng,zeng2,zeng,2,unknown,False,common,380,680
zeng3,zeng,t͡s,,ə,ŋ,t͡səŋ,zěng,zeng3,zeng,3,unknown,False,common,380,680
zeng4,zeng,t͡s,,ə,ŋ,t͡səŋ,zèng,zeng4,zeng,4,unknown,False,common,380,680
zeng5,zeng,t͡s,,ə,ŋ,t͡səŋ,zeng,zeng5,zeng,5,unknown,False,common,380,680
za1,za,t͡s,,a,,t͡sa,zā,za1,za,1,unknown,False,common,381,681
za2,za,t͡s,,a,,t͡sa,zá,za2,za,2,unknown,False,common,381,681
za3,za,t͡s,,a,,t͡sa,zǎ,za3,za,3,unknown,False,common,381,681
za4,za,t͡s,,a,,t͡sa,zà,za4,za,4,unknown,False,common,381,681
za5,za,t͡s,,a,,t͡sa,za,za5,za,5,unknown,False,common,381,681
zai1,zai,t͡s,,a,i,t͡sai,zāi,zai1,zai,1,unknown,False,common,382,682
zai2,zai,t͡s,,a,i,t͡sai,zái,zai2,zai,2,unknown,False,common,382,682
zai3,zai,t͡s,,a,i,t͡sai,zǎi,zai3,zai,3,unknown,False,common,382,682
zai4,zai,t͡s,,a,i,t͡sai,zài,zai4,zai,4,unknown,False,common,382,682
zai5,zai,t͡s,,a,i,t͡sai,zai,zai5,zai,5,unknown,False,common,382,682
zao1,zao,t͡s,,a,u,t͡sau,zāo,zao1,zao,1,unknown,False,common,383,683
zao2,zao,t͡s,,a,u,t͡sau,záo,zao2,zao,2,unknown,False,common,383,683
zao3,zao,t͡s,,a,u,t͡sau,zǎo,zao3,zao,3,unknown,False,common,383,683
zao4,zao,t͡s,,a,u,t͡sau,zào,zao4,zao,4,unknown,False,common,383,683
zao5,zao,t͡s,,a,u,t͡sau,zao,zao5,zao,5,unknown,False,common,383,683
zan1,zan,t͡s,,a,n,t͡san,zān,zan1,zan,1,unknown,False,common,384,684
zan2,zan,t͡s,,a,n,t͡san,zán,zan2,zan,2,unknown,False,common,384,684
zan3,zan,t͡s,,a,n,t͡san,zǎn,zan3,zan,3,unknown,False,common,384,684
zan4,zan,t͡s,,a,n,t͡san,zàn,zan4,zan,4,unknown,False,common,384,684
zan5,zan,t͡s,,a,n,t͡san,zan,zan5,zan,5,unknown,False,common,384,684
zang1,zang,t͡s,,a,ŋ,t͡saŋ,zāng,zang1,zang,1,unknown,False,common,385,685
zang2,zang,t͡s,,a,ŋ,t͡saŋ,záng,zang2,zang,2,unknown,False,common,385,685
zang3,zang,t͡s,,a,ŋ,t͡saŋ,zǎng,zang3,zang,3,unknown,False,common,385,685
zang4,zang,t͡s,,a,ŋ,t͡saŋ,zàng,zang4,zang,4,unknown,False,common,385,685
zang5,zang,t͡s,,a,ŋ,t͡saŋ,zang,zang5,zang,5,unknown,False,common,385,685
zuo1,zuo,t͡s,w,ə,,t͡suo,zuō,zuo1,zuo,1,unknown,False,common,386,693
zuo2,zuo,t͡s,w,ə,,t͡suo,zuó,zuo2,zuo,2,unknown,False,common,386,693
zuo3,zuo,t͡s,w,ə,,t͡suo,zuǒ,zuo3,zuo,3,unknown,False,common,386,693
zuo4,zuo,t͡s,w,ə,,t͡suo,zuò,zuo4,zuo,4,unknown,False,common,386,693
zuo5,zuo,t͡s,w,ə,,t͡suo,zuo,zuo5,zuo,5,unknown,False,common,386,693
zui1,zui,t͡s,w,ə,i,t͡suei,zuī,zui1,zui,1,unknown,False,common,387,694
zui2,zui,t͡s,w,ə,i,t͡suei,zuí,zui2,zui,2,unknown,False,common,387,694
zui3,zui,t͡s,w,ə,i,t͡suei,zuǐ,zui3,zui,3,unknown,False,common,387,694
zui4,zui,t͡s,w,ə,i,t͡suei,zuì,zui4,zui,4,unknown,False,common,387,694
zui5,zui,t͡s,w,ə,i,t͡suei,zui,zui5,zui,5,unknown,False,common,387,694
zun1,zun,t͡s,w,ə,n,t͡suən,zūn,zun1,zun,1,unknown,True,rare,388,695
zun2,zun,t͡s,w,ə,n,t͡suən,zún,zun2,zun,2,unknown,True,rare,388,695
zun3,zun,t͡s,w,ə,n,t͡suən,zǔn,zun3,zun,3,unknown,True,rare,388,695
zun4,zun,t͡s,w,ə,n,t͡suən,zùn,zun4,zun,4,unknown,True,rare,388,695
zun5,zun,t͡s,w,ə,n,t͡suən,zun,zun5,zun,5,unknown,True,rare,388,695
zuan1,zuan,t͡s,w,a,n,t͡suan,zuān,zuan1,zuan,1,unknown,True,rare,389,699
zuan2,zuan,t͡s,w,a,n,t͡suan,zuán,zuan2,zuan,2,unknown,True,rare,389,699
zuan3,zuan,t͡s,w,a,n,t͡suan,zuǎn,zuan3,zuan,3,unknown,True,rare,389,699
zuan4,zuan,t͡s,w,a,n,t͡suan,zuàn,zuan4,zuan,4,unknown,True,rare,389,699
zuan5,zuan,t͡s,w,a,n,t͡suan,zuan,zuan5,zuan,5,unknown,True,rare,389,699
ci1,ci,t͡sʰ,,i,,t͡sʰɿ,cī,ci1,ci,1,unknown,False,common,390,704
ci2,ci,t͡sʰ,,i,,t͡sʰɿ,cí,ci2,ci,2,unknown,False,common,390,704
ci3,ci,t͡sʰ,,i,,t͡sʰɿ,cǐ,ci3,ci,3,unknown,False,common,390,704
ci4,ci,t͡sʰ,,i,,t͡sʰɿ,cì,ci4,ci,4,unknown,False,common,390,704
ci5,ci,t͡sʰ,,i,,t͡sʰɿ,ci,ci5,ci,5,unknown,False,common,390,704
cu1,cu,t͡sʰ,,u,,t͡sʰu,cū,cu1,cu,1,unknown,False,common,391,707
cu2,cu,t͡sʰ,,u,,t͡sʰu,cú,cu2,cu,2,unknown,False,common,391,707
cu3,cu,t͡sʰ,,u,,t͡sʰu,cǔ,cu3,cu,3,unknown,False,common,391,707
cu4,cu,t͡sʰ,,u,,t͡sʰu,cù,cu4,cu,4,unknown,False,common,391,707
cu5,cu,t͡sʰ,,u,,t͡sʰu,cu,cu5,cu,5,unknown,False,common,391,707
cong1,cong,t͡sʰ,,u,ŋ,t͡sʰuŋ,cōng,cong1,cong,1,unknown,False,common,392,708
cong2,cong,t͡sʰ,,u,ŋ,t͡sʰuŋ,cóng,cong2,cong,2,unknown,False,common,392,708
cong3,cong,t͡sʰ,,u,ŋ,t͡sʰuŋ,cǒng,cong3,cong,3,unknown,False,common,392,708
cong4,cong,t͡sʰ,,u,ŋ,t͡sʰuŋ,còng,cong4,cong,4,unknown,False,common,392,708
cong5,cong,t͡sʰ,,u,ŋ,t͡sʰuŋ,cong,cong5,cong,5,unknown,False,common,392,708
ce1,ce,t͡sʰ,,ə,,t͡sʰɤ,cē,ce1,ce,1,unknown,False,common,393,711
ce2,ce,t͡sʰ,,ə,,t͡sʰɤ,cé,ce2,ce,2,unknown,False,common,393,711
ce3,ce,t͡sʰ,,ə,,t͡sʰɤ,cě,ce3,ce,3,unknown,False,common,393,711
ce4,ce,t͡sʰ,,ə,,t͡sʰɤ,cè,ce4,ce,4,unknown,False,common,393,711
ce5,ce,t͡sʰ,,ə,,t͡sʰɤ,ce,ce5,ce,5,unknown,False,common,393,711
cei1,cei,t͡sʰ,,ə,i,t͡sʰei,cēi,cei1,cei,1,unknown,True,rare,394,712
cei2,cei,t͡sʰ,,ə,i,t͡sʰei,céi,cei2,cei,2,unknown,True,rare,394,712
cei3,cei,t͡sʰ,,ə,i,t͡sʰei,cěi,cei3,cei,3,unknown,True,rare,394,712
cei4,cei,t͡sʰ,,ə,i,t͡sʰei,cèi,cei4,cei,4,unknown,True,rare,394,712
cei5,cei,t͡sʰ,,ə,i,t͡sʰei,cei,cei5,cei,5,unknown,True,rare,394,712
cou1,cou,t͡sʰ,,ə,u,t͡sʰou,cōu,cou1,cou,1,unknown,True,rare,395,713
cou2,cou,t͡sʰ,,ə,u,t͡sʰou,cóu,cou2,cou,2,unknown,True,rare,395,713
cou3,cou,t͡sʰ,,ə,u,t͡sʰou,cǒu,cou3,cou,3,unknown,True,rare,395,713
cou4,cou,t͡sʰ,,ə,u,t͡sʰou,còu,cou4,cou,4,unknown,True,rare,395,713
cou5,cou,t͡sʰ,,ə,u,t͡sʰou,cou,cou5,cou,5,unknown,True,rare,395,713
cen1,cen,t͡sʰ,,ə,n,t͡sʰən,cēn,cen1,cen,1,unknown,False,common,396,714
cen2,cen,t͡sʰ,,ə,n,t͡sʰən,cén,cen2,cen,2,unknown,False,common,396,714
cen3,cen,t͡sʰ,,ə,n,t͡sʰən,cěn,cen3,cen,3,unknown,False,common,396,714
cen4,cen,t͡sʰ,,ə,n,t͡sʰən,cèn,cen4,cen,4,unknown,False,common,396,714
cen5,cen,t͡sʰ,,ə,n,t͡sʰən,cen,cen5,cen,5,unknown,False,common,396,714
ceng1,ceng,t͡sʰ,,ə,ŋ,t͡sʰəŋ,cēng,ceng1,ceng,1,unknown,False,common,397,715
ceng2,ceng,t͡sʰ,,ə,ŋ,t͡sʰəŋ,céng,ceng2,ceng,2,unknown,False,common,397,715
ceng3,ceng,t͡sʰ,,ə,ŋ,t͡sʰəŋ,cěng,ceng3,ceng,3,unknown,False,common,397,715
ceng4,ceng,t͡sʰ,,ə,ŋ,t͡sʰəŋ,cèng,ceng4,ceng,4,unknown,False,common,397,715
ceng5,ceng,t͡sʰ,,ə,ŋ,t͡sʰəŋ,ceng,ceng5,ceng,5,unknown,False,common,397,715
ca1,ca,t͡sʰ,,a,,t͡sʰa,cā,ca1,ca,1,unknown,True,rare,398,716
ca2,ca,t͡sʰ,,a,,t͡sʰa,cá,ca2,ca,2,unknown,True,rare,398,716
ca3,ca,t͡sʰ,,a,,t͡sʰa,cǎ,ca3,ca,3,unknown,True,rare,398,716
ca4,ca,t͡sʰ,,a,,t͡sʰa,cà,ca4,ca,4,unknown,True,rare,398,716
ca5,ca,t͡sʰ,,a,,t͡sʰa,ca,ca5,ca,5,unknown,True,rare,398,716
cai1,cai,t͡sʰ,,a,i,t͡sʰai,cāi,cai1,cai,1,unknown,False,common,399,717
cai2,cai,t͡sʰ,,a,i,t͡sʰai,cái,cai2,cai,2,unknown,False,common,399,717
cai3,cai,t͡sʰ,,a,i,t͡sʰai,cǎi,cai3,cai,3,unknown,False,common,399,717
cai4,cai,t͡sʰ,,a,i,t͡sʰai,cài,cai4,cai,4,unknown,False,common,399,717
cai5,cai,t͡sʰ,,a,i,t͡sʰai,cai,cai5,cai,5,unknown,False,common,399,717
cao1,cao,t͡sʰ,,a,u,t͡sʰau,cāo,cao1,cao,1,unknown,False,common,400,718
cao2,cao,t͡sʰ,,a,u,t͡sʰau,cáo,cao2,cao,2,unknown,False,common,400,718
cao3,cao,t͡sʰ,,a,u,t͡sʰau,cǎo,cao3,cao,3,unknown,False,common,400,718
cao4,cao,t͡sʰ,,a,u,t͡sʰau,cào,cao4,cao,4,unknown,False,common,400,718
cao5,cao,t͡sʰ,,a,u,t͡sʰau,cao,cao5,cao,5,unknown,False,common,400,718
can1,can,t͡sʰ,,a,n,t͡sʰan,cān,can1,can,1,unknown,False,common,401,719
can2,can,t͡sʰ,,a,n,t͡sʰan,cán,can2,can,2,unknown,False,common,401,719
can3,can,t͡sʰ,,a,n,t͡sʰan,cǎn,can3,can,3,unknown,False,common,401,719
can4,can,t͡sʰ,,a,n,t͡sʰan,càn,can4,can,4,unknown,False,common,401,719
can5,can,t͡sʰ,,a,n,t͡sʰan,can,can5,can,5,unknown,False,common,401,719
cang1,cang,t͡sʰ,,a,ŋ,t͡sʰaŋ,cāng,cang1,cang,1,unknown,False,common,402,720
cang2,cang,t͡sʰ,,a,ŋ,t͡sʰaŋ,cáng,cang2,cang,2,unknown,False,common,402,720
cang3,cang,t͡sʰ,,a,ŋ,t͡sʰaŋ,cǎng,cang3,cang,3,unknown,False,common,402,720
cang4,cang,t͡sʰ,,a,ŋ,t͡sʰaŋ,càng,cang4,cang,4,unknown,False,common,402,720
cang5,cang,t͡sʰ,,a,ŋ,t͡sʰaŋ,cang,cang5,cang,5,unknown,False,common,402,720
cuo1,cuo,t͡sʰ,w,ə,,t͡sʰuo,cuō,cuo1,cuo,1,unknown,False,common,403,728
cuo2,cuo,t͡sʰ,w,ə,,t͡sʰuo,cuó,cuo2,cuo,2,unknown,False,common,403,728
cuo3,cuo,t͡sʰ,w,ə,,t͡sʰuo,cuǒ,cuo3,cuo,3,unknown,False,common,403,728
cuo4,cuo,t͡sʰ,w,ə,,t͡sʰuo,cuò,cuo4,cuo,4,unknown,False,common,403,728
cuo5,cuo,t͡sʰ,w,ə,,t͡sʰuo,cuo,cuo5,cuo,5,unknown,False,common,403,728
cui1,cui,t͡sʰ,w,ə,i,t͡sʰuei,cuī,cui1,cui,1,unknown,False,common,404,729
cui2,cui,t͡sʰ,w,ə,i,t͡sʰuei,cuí,cui2,cui,2,unknown,False,common,404,729
cui3,cui,t͡sʰ,w,ə,i,t͡sʰuei,cuǐ,cui3,cui,3,unknown,False,common,404,729
cui4,cui,t͡sʰ,w,ə,i,t͡sʰuei,cuì,cui4,cui,4,unknown,False,common,404,729
cui5,cui,t͡sʰ,w,ə,i,t͡sʰuei,cui,cui5,cui,5,unknown,False,common,404,729
cun1,cun,t͡sʰ,w,ə,n,t͡sʰuən,cūn,cun1,cun,1,unknown,False,common,405,730
cun2,cun,t͡sʰ,w,ə,n,t͡sʰuən,cún,cun2,cun,2,unknown,False,common,405,730
cun3,cun,t͡sʰ,w,ə,n,t͡sʰuən,cǔn,cun3,cun,3,unknown,False,common,405,730
cun4,cun,t͡sʰ,w,ə,n,t͡sʰuən,cùn,cun4,cun,4,unknown,False,common,405,730
cun5,cun,t͡sʰ,w,ə,n,t͡sʰuən,cun,cun5,cun,5,unknown,False,common,405,730
cuan1,cuan,t͡sʰ,w,a,n,t͡sʰuan,cuān,cuan1,cuan,1,unknown,True,rare,406,734
cuan2,cuan,t͡sʰ,w,a,n,t͡sʰuan,cuán,cuan2,cuan,2,unknown,True,rare,406,734
cuan3,cuan,t͡sʰ,w,a,n,t͡sʰuan,cuǎn,cuan3,cuan,3,unknown,True,rare,406,734
cuan4,cuan,t͡sʰ,w,a,n,t͡sʰuan,cuàn,cuan4,cuan,4,unknown,True,rare,406,734
cuan5,cuan,t͡sʰ,w,a,n,t͡sʰuan,cuan,cuan5,cuan,5,unknown,True,rare,406,734
si1,si,s,,i,,sɿ,sī,si1,si,1,unknown,False,common,407,739
si2,si,s,,i,,sɿ,sí,si2,si,2,unknown,False,common,407,739
si3,si,s,,i,,sɿ,sǐ,si3,si,3,unknown,False,common,407,739
si4,si,s,,i,,sɿ,sì,si4,si,4,unknown,False,common,407,739
si5,si,s,,i,,sɿ,si,si5,si,5,unknown,False,common,407,739
su1,su,s,,u,,su,sū,su1,su,1,unknown,False,common,408,742
su2,su,s,,u,,su,sú,su2,su,2,unknown,False,common,408,742
su3,su,s,,u,,su,sǔ,su3,su,3,unknown,False,common,408,742
su4,su,s,,u,,su,sù,su4,su,4,unknown,False,common,408,742
su5,su,s,,u,,su,su,su5,su,5,unknown,False,common,408,742
song1,song,s,,u,ŋ,suŋ,sōng,song1,song,1,unknown,False,common,409,743
song2,song,s,,u,ŋ,suŋ,sóng,song2,song,2,unknown,False,common,409,743
song3,song,s,,u,ŋ,suŋ,sǒng,song3,song,3,unknown,False,common,409,743
song4,song,s,,u,ŋ,suŋ,sòng,song4,song,4,unknown,False,common,409,743
song5,song,s,,u,ŋ,suŋ,song,song5,song,5,unknown,False,common,409,743
se1,se,s,,ə,,sɤ,sē,se1,se,1,unknown,False,common,410,746
se2,se,s,,ə,,sɤ,sé,se2,se,2,unknown,False,common,410,746
se3,se,s,,ə,,sɤ,sě,se3,se,3,unknown,False,common,410,746
se4,se,s,,ə,,sɤ,sè,se4,se,4,unknown,False,common,410,746
se5,se,s,,ə,,sɤ,se,se5,se,5,unknown,False,common,410,746
sou1,sou,s,,ə,u,sou,sōu,sou1,sou,1,unknown,False,common,411,748
sou2,sou,s,,ə,u,sou,sóu,sou2,sou,2,unknown,False,common,411,748
sou3,sou,s,,ə,u,sou,sǒu,sou3,sou,3,unknown,False,common,411,748
sou4,sou,s,,ə,u,sou,sòu,sou4,sou,4,unknown,False,common,411,748
sou5,sou,s,,ə,u,sou,sou,sou5,sou,5,unknown,False,common,411,748
sen1,sen,s,,ə,n,sən,sēn,sen1,sen,1,unknown,True,rare,412,749
sen2,sen,s,,ə,n,sən,sén,sen2,sen,2,unknown,True,rare,412,749
sen3,sen,s,,ə,n,sən,sěn,sen3,sen,3,unknown,True,rare,412,749
sen4,sen,s,,ə,n,sən,sèn,sen4,sen,4,unknown,True,rare,412,749
sen5,sen,s,,ə,n,sən,sen,sen5,sen,5,unknown,True,rare,412,749
seng1,seng,s,,ə,ŋ,səŋ,sēng,seng1,seng,1,unknown,True,rare,413,750
seng2,seng,s,,ə,ŋ,səŋ,séng,seng2,seng,2,unknown,True,rare,413,750
seng3,seng,s,,ə,ŋ,səŋ,sěng,seng3,seng,3,unknown,True,rare,413,750
seng4,seng,s,,ə,ŋ,səŋ,sèng,seng4,seng,4,unknown,True,rare,413,750
seng5,seng,s,,ə,ŋ,səŋ,seng,seng5,seng,5,unknown,True,rare,413,750
sa1,sa,s,,a,,sa,sā,sa1,sa,1,unknown,False,common,414,751
sa2,sa,s,,a,,sa,sá,sa2,sa,2,unknown,False,common,414,751
sa3,sa,s,,a,,sa,sǎ,sa3,sa,3,unknown,False,common,414,751
sa4,sa,s,,a,,sa,sà,sa4,sa,4,unknown,False,common,414,751
sa5,sa,s,,a,,sa,sa,sa5,sa,5,unknown,False,common,414,751
sai1,sai,s,,a,i,sai,sāi,sai1,sai,1,unknown,False,common,415,752
sai2,sai,s,,a,i,sai,sái,sai2,sai,2,unknown,False,common,415,752
sai3,sai,s,,a,i,sai,sǎi,sai3,sai,3,unknown,False,common,415,752
sai4,sai,s,,a,i,sai,sài,sai4,sai,4,unknown,False,common,415,752
sai5,sai,s,,a,i,sai,sai,sai5,sai,5,unknown,False,common,415,752
sao1,sao,s,,a,u,sau,sāo,sao1,sao,1,unknown,False,common,416,753
sao2,sao,s,,a,u,sau,sáo,sao2,sao,2,unknown,False,common,416,753
sao3,sao,s,,a,u,sau,sǎo,sao3,sao,3,unknown,False,common,416,753
sao4,sao,s,,a,u,sau,sào,sao4,sao,4,unknown,False,common,416,753
sao5,sao,s,,a,u,sau,sao,sao5,sao,5,unknown,False,common,416,753
san1,san,s,,a,n,san,sān,san1,san,1,unknown,False,common,417,754
san2,san,s,,a,n,san,sán,san2,san,2,unknown,False,common,417,754
san3,san,s,,a,n,san,sǎn,san3,san,3,unknown,False,common,417,754
san4,san,s,,a,n,san,sàn,san4,san,4,unknown,False,common,417,754
san5,san,s,,a,n,san,san,san5,san,5,unknown,False,common,417,754
sang1,sang,s,,a,ŋ,saŋ,sāng,sang1,sang,1,unknown,False,common,418,755
sang2,sang,s,,a,ŋ,saŋ,sáng,sang2,sang,2,unknown,False,common,418,755
sang3,sang,s,,a,ŋ,saŋ,sǎng,sang3,sang,3,unknown,False,common,418,755
sang4,sang,s,,a,ŋ,saŋ,sàng,sang4,sang,4,unknown,False,common,418,755
sang5,sang,s,,a,ŋ,saŋ,sang,sang5,sang,5,unknown,False,common,418,755
suo1,suo,s,w,ə,,suo,suō,suo1,suo,1,unknown,False,common,419,763
suo2,suo,s,w,ə,,suo,suó,suo2,suo,2,unknown,False,common,419,763
suo3,suo,s,w,ə,,suo,suǒ,suo3,suo,3,unknown,False,common,419,763
suo4,suo,s,w,ə,,suo,suò,suo4,suo,4,unknown,False,common,419,763
suo5,suo,s,w,ə,,suo,suo,suo5,suo,5,unknown,False,common,419,763
sui1,sui,s,w,ə,i,suei,suī,sui1,sui,1,unknown,False,common,420,764
sui2,sui,s,w,ə,i,suei,suí,sui2,sui,2,unknown,False,common,420,764
sui3,sui,s,w,ə,i,suei,suǐ,sui3,sui,3,unknown,False,common,420,764
sui4,sui,s,w,ə,i,suei,suì,sui4,sui,4,unknown,False,common,420,764
sui5,sui,s,w,ə,i,suei,sui,sui5,sui,5,unknown,False,common,420,764
sun1,sun,s,w,ə,n,suən,sūn,sun1,sun,1,unknown,False,common,421,765
sun2,sun,s,w,ə,n,suən,sún,sun2,sun,2,unknown,False,common,421,765
sun3,sun,s,w,ə,n,suən,sǔn,sun3,sun,3,unknown,False,common,421,765
sun4,sun,s,w,ə,n,suən,sùn,sun4,sun,4,unknown,False,common,421,765
sun5,sun,s,w,ə,n,suən,sun,sun5,sun,5,unknown,False,common,421,765
suan1,suan,s,w,a,n,suan,suān,suan1,suan,1,unknown,False,common,422,769
suan2,suan,s,w,a,n,suan,suán,suan2,suan,2,unknown,False,common,422,769
suan3,suan,s,w,a,n,suan,suǎn,suan3,suan,3,unknown,False,common,422,769
suan4,suan,s,w,a,n,suan,suàn,suan4,suan,4,unknown,False,common,422,769
suan5,suan,s,w,a,n,suan,suan,suan5,suan,5,unknown,False,common,422,769
